Experiment;Date;Image;Treatment;endosome size;tubule length
1;14.11.2018;RPE_GFP-WDFY2_before_01_visit_1;control;0,22;1,576
1;14.11.2018;RPE_GFP-WDFY2_before_01_visit_1;control;0,536;0,388
1;14.11.2018;RPE_GFP-WDFY2_before_01_visit_1;control;0,533;1,502
1;14.11.2018;RPE_GFP-WDFY2_before_01_visit_1;control;0,528;0,272
1;14.11.2018;RPE_GFP-WDFY2_before_01_visit_1;control;0,337;0,695
1;14.11.2018;RPE_GFP-WDFY2_before_01_visit_1;control;0,533;0,453
1;14.11.2018;RPE_GFP-WDFY2_before_01_visit_1;control;0,272;0,528
1;14.11.2018;RPE_GFP-WDFY2_before_01_visit_1;control;1,094;1,483
1;14.11.2018;RPE_GFP-WDFY2_before_01_visit_1;control;0,388;0,853
1;14.11.2018;RPE_GFP-WDFY2_before_01_visit_1;control;0,608;0,43
1;14.11.2018;RPE_GFP-WDFY2_before_01_visit_1;control;0,324;1,08
1;14.11.2018;RPE_GFP-WDFY2_before_01_visit_1;control;0,921;0,44
1;14.11.2018;RPE_GFP-WDFY2_before_01_visit_1;control;1,088;0,695
1;14.11.2018;RPE_GFP-WDFY2_before_01_visit_1;control;0,725;0,483
1;14.11.2018;RPE_GFP-WDFY2_before_01_visit_1;control;0,793;0,868
1;14.11.2018;RPE_GFP-WDFY2_before_01_visit_1;control;0,793;1,25
1;14.11.2018;RPE_GFP-WDFY2_before_01_visit_1;control;0,506;0,716
1;14.11.2018;RPE_GFP-WDFY2_before_01_visit_1;control;0,931;0,624
1;14.11.2018;RPE_GFP-WDFY2_before_01_visit_1;control;0,459;0,427
1;14.11.2018;RPE_GFP-WDFY2_before_01_visit_1;control;0,43;0,833
1;14.11.2018;RPE_GFP-WDFY2_before_01_visit_1;control;0,557;1,391
1;14.11.2018;RPE_GFP-WDFY2_before_01_visit_1;control;0,596;1,494
1;14.11.2018;RPE_GFP-WDFY2_before_01_visit_1;control;0,596;1,099
1;14.11.2018;RPE_GFP-WDFY2_before_01_visit_1;control;0,528;0,43
1;14.11.2018;RPE_GFP-WDFY2_before_01_visit_1;control;0,769;0,683
1;14.11.2018;RPE_GFP-WDFY2_before_01_visit_1;control;0,868;1,051
1;14.11.2018;RPE_GFP-WDFY2_before_01_visit_2;control;0,536;0,456
1;14.11.2018;RPE_GFP-WDFY2_before_01_visit_2;control;0,492;0,503
1;14.11.2018;RPE_GFP-WDFY2_before_01_visit_2;control;0,43;0,311
1;14.11.2018;RPE_GFP-WDFY2_before_01_visit_2;control;0,492;0,417
1;14.11.2018;RPE_GFP-WDFY2_before_01_visit_2;control;0,596;0,533
1;14.11.2018;RPE_GFP-WDFY2_before_01_visit_2;control;0,567;0,503
1;14.11.2018;RPE_GFP-WDFY2_before_01_visit_2;control;0,341;0,427
1;14.11.2018;RPE_GFP-WDFY2_before_01_visit_2;control;0,503;1,272
1;14.11.2018;RPE_GFP-WDFY2_before_01_visit_2;control;0,624;0,324
1;14.11.2018;RPE_GFP-WDFY2_before_01_visit_2;control;0,459;1,099
1;14.11.2018;RPE_GFP-WDFY2_before_01_visit_2;control;0,544;1,385
1;14.11.2018;RPE_GFP-WDFY2_before_01_visit_2;control;0,741;0,567
1;14.11.2018;RPE_GFP-WDFY2_before_01_visit_2;control;0,341;0,477
1;14.11.2018;RPE_GFP-WDFY2_before_01_visit_2;control;0,544;0,642
1;14.11.2018;RPE_GFP-WDFY2_before_01_visit_2;control;0,918;0,725
1;14.11.2018;RPE_GFP-WDFY2_before_01_visit_2;control;0,492;0,533
1;14.11.2018;RPE_GFP-WDFY2_before_01_visit_2;control;0,577;0,725
1;14.11.2018;RPE_GFP-WDFY2_before_01_visit_2;control;0,754;0,642
1;14.11.2018;RPE_GFP-WDFY2_before_01_visit_2;control;0,931;1,25
1;14.11.2018;RPE_GFP-WDFY2_before_01_visit_2;control;0,506;0,506
1;14.11.2018;RPE_GFP-WDFY2_before_01_visit_2;control;0,931;0,693
1;14.11.2018;RPE_GFP-WDFY2_before_01_visit_4;control;0,954;0,695
1;14.11.2018;RPE_GFP-WDFY2_before_01_visit_4;control;0,862;1,051
1;14.11.2018;RPE_GFP-WDFY2_before_01_visit_4;control;0,574;0,587
1;14.11.2018;RPE_GFP-WDFY2_before_01_visit_4;control;0,417;0,43
1;14.11.2018;RPE_GFP-WDFY2_before_01_visit_4;control;0,406;0,793
1;14.11.2018;RPE_GFP-WDFY2_before_01_visit_4;control;0,483;0,802
1;14.11.2018;RPE_GFP-WDFY2_before_01_visit_4;control;0,536;1,281
1;14.11.2018;RPE_GFP-WDFY2_before_01_visit_4;control;0,492;0,544
1;14.11.2018;RPE_GFP-WDFY2_before_01_visit_4;control;0,16;4,749
1;14.11.2018;RPE_GFP-WDFY2_before_01_visit_4;control;0,533;0,931
1;14.11.2018;RPE_GFP-WDFY2_before_01_visit_4;control;0,44;0,683
1;14.11.2018;RPE_GFP-WDFY2_before_01_visit_4;control;0,506;0,48
1;14.11.2018;RPE_GFP-WDFY2_before_01_visit_4;control;0,213;1,024
1;14.11.2018;RPE_GFP-WDFY2_before_01_visit_4;control;0,918;1,391
1;14.11.2018;RPE_GFP-WDFY2_before_01_visit_4;control;0,456;0,44
1;14.11.2018;RPE_GFP-WDFY2_before_01_visit_4;control;0,32;0,373
1;14.11.2018;RPE_GFP-WDFY2_before_01_visit_4;control;0,427;0,589
1;14.11.2018;RPE_GFP-WDFY2_before_01_visit_4;control;0,477;1,199
1;14.11.2018;RPE_GFP-WDFY2_before_01_visit_4;control;0,807;1,026
1;14.11.2018;RPE_GFP-WDFY2_before_01_visit_4;control;0,525;0,769
1;14.11.2018;RPE_GFP-WDFY2_before_01_visit_4;control;0,596;0,406
1;14.11.2018;RPE_GFP-WDFY2_before_01_visit_4;control;0,651;0,272
1;14.11.2018;RPE_GFP-WDFY2_before_01_visit_4;control;0,377;0,528
1;14.11.2018;RPE_GFP-WDFY2_before_01_visit_4;control;0,888;0,793
1;14.11.2018;RPE_GFP-WDFY2_before_01_visit_4;control;0,483;1,451
1;14.11.2018;RPE_GFP-WDFY2_before_01_visit_4;control;0,754;1,073
1;14.11.2018;RPE_GFP-WDFY2_before_01_visit_4;control;1,114;0,908
1;14.11.2018;RPE_GFP-WDFY2_before_01_visit_4;control;0,64;0,622
1;14.11.2018;RPE_GFP-WDFY2_before_01_visit_4;control;0,754;0,624
1;14.11.2018;RPE_GFP-WDFY2_before_01_visit_4;control;0,267;1,441
1;14.11.2018;RPE_GFP-WDFY2_before_01_visit_4;control;0,533;0,32
1;14.11.2018;RPE_GFP-WDFY2_before_01_visit_4;control;0,544;0,427
1;14.11.2018;RPE_GFP-WDFY2_before_01_visit_4;control;0,536;0,589
1;14.11.2018;RPE_GFP-WDFY2_before_01_visit_4;control;0,642;0,373
1;14.11.2018;RPE_GFP-WDFY2_before_01_visit_4;control;0,66;1,228
1;14.11.2018;RPE_GFP-WDFY2_before_01_visit_4;control;0,868;1,591
1;14.11.2018;RPE_GFP-WDFY2_after_02_visit_1;control;0,758;0,623
1;14.11.2018;RPE_GFP-WDFY2_after_02_visit_1;control;0,875;1,734
1;14.11.2018;RPE_GFP-WDFY2_after_02_visit_1;control;0,975;0,813
1;14.11.2018;RPE_GFP-WDFY2_after_02_visit_1;control;0,813;0,69
1;14.11.2018;RPE_GFP-WDFY2_after_02_visit_1;control;0,424;1,545
1;14.11.2018;RPE_GFP-WDFY2_after_02_visit_1;control;0,813;0,625
1;14.11.2018;RPE_GFP-WDFY2_after_02_visit_1;control;2,146;6,061
1;14.11.2018;RPE_GFP-WDFY2_after_02_visit_1;control;0,325;0,529
1;14.11.2018;RPE_GFP-WDFY2_after_02_visit_1;control;1,041;1,308
1;14.11.2018;RPE_GFP-WDFY2_after_02_visit_1;control;0,465;0,488
1;14.11.2018;RPE_GFP-WDFY2_after_02_visit_1;control;0,586;0,621
1;14.11.2018;RPE_GFP-WDFY2_after_02_visit_1;control;0,875;0,741
1;14.11.2018;RPE_GFP-WDFY2_after_02_visit_1;control;0,582;0,524
1;14.11.2018;RPE_GFP-WDFY2_after_02_visit_1;control;1,09;1,334
1;14.11.2018;RPE_GFP-WDFY2_after_02_visit_1;control;0,829;0,67
1;14.11.2018;RPE_GFP-WDFY2_after_02_visit_1;control;586;1,601
1;14.11.2018;RPE_GFP-WDFY2_after_02_visit_1;control;1,018;0,509
1;14.11.2018;RPE_GFP-WDFY2_after_02_visit_1;control;1,242;0,919
1;14.11.2018;RPE_GFP-WDFY2_after_02_visit_1;control;0,529;1,081
1;14.11.2018;RPE_GFP-WDFY2_after_02_visit_1;control;1,244;0,582
1;14.11.2018;RPE_GFP-WDFY2_after_02_visit_1;control;0,363;0,509
1;14.11.2018;RPE_GFP-WDFY2_after_02_visit_1;control;0,514;0,727
1;14.11.2018;RPE_GFP-WDFY2_after_02_visit_1;control;0,514;0,509
1;14.11.2018;RPE_GFP-WDFY2_after_02_visit_1;control;0,391;0,514
1;14.11.2018;RPE_GFP-WDFY2_after_02_visit_1;control;0,727;0,514
1;14.11.2018;RPE_GFP-WDFY2_after_02_visit_1;control;0,371;1,499
1;14.11.2018;RPE_GFP-WDFY2_after_02_visit_1;control;0,731;0,731
1;14.11.2018;RPE_GFP-WDFY2_after_02_visit_1;control;1,383;1,081
1;14.11.2018;RPE_GFP-WDFY2_after_02_visit_3;control;1,198;0,758
1;14.11.2018;RPE_GFP-WDFY2_after_02_visit_3;control;0,623;1,671
1;14.11.2018;RPE_GFP-WDFY2_after_02_visit_3;control;0,798;0,536
1;14.11.2018;RPE_GFP-WDFY2_after_02_visit_3;control;1,027;0,831
1;14.11.2018;RPE_GFP-WDFY2_after_02_visit_3;control;1,236;0,907
1;14.11.2018;RPE_GFP-WDFY2_after_02_visit_3;control;1,145;1,004
1;14.11.2018;RPE_GFP-WDFY2_after_02_visit_3;control;0,788;1,755
1;14.11.2018;RPE_GFP-WDFY2_after_02_visit_3;control;0,885;0,591
1;14.11.2018;RPE_GFP-WDFY2_after_02_visit_3;control;0,557;0,726
1;14.11.2018;RPE_GFP-WDFY2_after_02_visit_3;control;0,898;0,635
1;14.11.2018;RPE_GFP-WDFY2_after_02_visit_3;control;0,885;2,251
1;14.11.2018;RPE_GFP-WDFY2_after_02_visit_3;control;0,617;2,758
1;14.11.2018;RPE_GFP-WDFY2_after_02_visit_3;control;0,949;0,635
1;14.11.2018;RPE_GFP-WDFY2_after_02_visit_3;control;0,793;0,881
1;14.11.2018;RPE_GFP-WDFY2_after_02_visit_3;control;0,969;0,688
1;14.11.2018;RPE_GFP-WDFY2_after_02_visit_3;control;0,688;0,812
1;14.11.2018;RPE_GFP-WDFY2_after_02_visit_3;control;1,453;0,92
1;14.11.2018;RPE_GFP-WDFY2_after_02_visit_3;control;0,624;0,953
1;14.11.2018;RPE_GFP-WDFY2_after_02_visit_3;control;1,064;0,71
1;14.11.2018;RPE_GFP-WDFY2_after_02_visit_3;control;0,812;0,885
1;14.11.2018;RPE_GFP-WDFY2_after_02_visit_3;control;0,793;0,705
1;14.11.2018;RPE_GFP-WDFY2_after_02_visit_3;control;0,969;0,868
1;14.11.2018;RPE_GFP-WDFY2_after_02_visit_3;control;0,705;1,224
1;14.11.2018;RPE_GFP-WDFY2_after_02_visit_3;control;0,793;0,898
1;14.11.2018;RPE_GFP-WDFY2_after_02_visit_3;control;0,71;0,872
1;14.11.2018;RPE_GFP-WDFY2_after_02_visit_3;control;0,557;1,477
1;14.11.2018;RPE_GFP-WDFY2_after_02_visit_3;control;0,623;0,591
1;14.11.2018;RPE_GFP-WDFY2_after_02_visit_3;control;0,688;0,623
1;14.11.2018;RPE_GFP-WDFY2_after_02_visit_3;control;0,973;0,953
1;14.11.2018;RPE_GFP-WDFY2_after_02_visit_3;control;1,145;1,883
1;14.11.2018;RPE_GFP-WDFY2_after_02_visit_3;control;0,985;0,536
1;14.11.2018;RPE_GFP-WDFY2_after_02_visit_3;control;0,514;0,705
1;14.11.2018;RPE_GFP-WDFY2_after_02_visit_3;control;0,623;1,149
1;14.11.2018;RPE_GFP-WDFY2_after_02_visit_3;control;0,591;1,434
1;14.11.2018;RPE_GFP-WDFY2_after_02_visit_3;control;0,753;0,394
1;14.11.2018;RPE_GFP-WDFY2_after_02_visit_3;control;0,753;0,564
1;14.11.2018;RPE_GFP-WDFY2_after_02_visit_3;control;0,617;0,529
1;14.11.2018;RPE_GFP-WDFY2_after_02_visit_3;control;0,514;0,71
1;14.11.2018;RPE_GFP-WDFY2_after_02_visit_3;control;0,394;0,747
1;14.11.2018;RPE_GFP-WDFY2_after_02_visit_3;control;0,798;0,623
1;14.11.2018;RPE_GFP-WDFY2_after_02_visit_3;control;0,868;0,793
1;14.11.2018;RPE_GFP-WDFY2_after_02_visit_3;control;0,71;0,831
1;14.11.2018;RPE_GFP-WDFY2_after_02_visit_3;control;0,881;0,591
1;14.11.2018;RPE_GFP-WDFY2_after_02_visit_3;control;1,004;0,936
1;14.11.2018;RPE_GFP-WDFY2_after_02_visit_3;control;0,798;0,474
1;14.11.2018;RPE_GFP-WDFY2_after_02_visit_3;control;0,969;0,623
1;14.11.2018;RPE_GFP-WDFY2_after_02_visit_4;control;0,514;1,057
1;14.11.2018;RPE_GFP-WDFY2_after_02_visit_4;control;1,149;0,885
1;14.11.2018;RPE_GFP-WDFY2_after_02_visit_4;control;1,159;0,474
1;14.11.2018;RPE_GFP-WDFY2_after_02_visit_4;control;0,564;0,868
1;14.11.2018;RPE_GFP-WDFY2_after_02_visit_4;control;0,627;0,726
1;14.11.2018;RPE_GFP-WDFY2_after_02_visit_4;control;0,969;1,104
1;14.11.2018;RPE_GFP-WDFY2_after_02_visit_4;control;0,881;0,318
1;14.11.2018;RPE_GFP-WDFY2_after_02_visit_4;control;0,564;0,798
1;14.11.2018;RPE_GFP-WDFY2_after_02_visit_4;control;0,617;0,617
1;14.11.2018;RPE_GFP-WDFY2_after_02_visit_4;control;0,953;0,954
1;14.11.2018;RPE_GFP-WDFY2_after_02_visit_4;control;0,635;0,688
1;14.11.2018;RPE_GFP-WDFY2_after_02_visit_4;control;0,474;0,641
1;14.11.2018;RPE_GFP-WDFY2_after_02_visit_4;control;0,635;0,671
1;14.11.2018;RPE_GFP-WDFY2_after_02_visit_4;control;0,812;0,753
1;14.11.2018;RPE_GFP-WDFY2_after_02_visit_4;control;0,793;0,726
1;14.11.2018;RPE_GFP-WDFY2_after_02_visit_4;control;0,617;0,705
1;14.11.2018;RPE_GFP-WDFY2_after_02_visit_4;control;0,617;1,321
1;14.11.2018;RPE_GFP-WDFY2_after_02_visit_4;control;0,71;0,394
1;14.11.2018;RPE_GFP-WDFY2_after_02_visit_4;control;0,635;0,449
1;14.11.2018;RPE_GFP-WDFY2_after_02_visit_4;control;0,898;0,363
1;14.11.2018;RPE_GFP-WDFY2_after_02_visit_4;control;0,969;0,953
1;14.11.2018;RPE_GFP-WDFY2_after_02_visit_4;control;0,514;1,175
1;14.11.2018;RPE_GFP-WDFY2_after_02_visit_4;control;0,788;0,953
1;14.11.2018;RPE_GFP-WDFY2_after_02_visit_4;control;0,641;0,591
1;14.11.2018;RPE_GFP-WDFY2_after_02_visit_4;control;0,617;0,591
1;14.11.2018;RPE_GFP-WDFY2_after_02_visit_5;control;0,881;0,352
1;14.11.2018;RPE_GFP-WDFY2_after_02_visit_5;control;0,623;0,936
1;14.11.2018;RPE_GFP-WDFY2_after_02_visit_5;control;0,352;0,44
1;14.11.2018;RPE_GFP-WDFY2_after_02_visit_5;control;0,617;0,474
1;14.11.2018;RPE_GFP-WDFY2_after_02_visit_5;control;0,449;0,474
1;14.11.2018;RPE_GFP-WDFY2_after_02_visit_5;control;0,671;0,812
1;14.11.2018;RPE_GFP-WDFY2_after_02_visit_5;control;0,872;4,257
1;14.11.2018;RPE_GFP-WDFY2_after_02_visit_5;control;0,591;0,641
1;14.11.2018;RPE_GFP-WDFY2_after_02_visit_5;control;0,881;0,635
1;14.11.2018;RPE_GFP-WDFY2_after_02_visit_5;control;0,793;0,617
1;14.11.2018;RPE_GFP-WDFY2_after_02_visit_5;control;0,591;1,883
1;14.11.2018;RPE_GFP-WDFY2_after_02_visit_5;control;0,753;0,758
1;14.11.2018;RPE_GFP-WDFY2_after_02_visit_5;control;0,529;0,394
1;14.11.2018;RPE_GFP-WDFY2_after_02_visit_5;control;0,868;0,529
1;14.11.2018;RPE_GFP-WDFY2_after_02_visit_5;control;0,671;0,973
1;14.11.2018;RPE_GFP-WDFY2_after_02_visit_5;control;0,617;0,44
1;14.11.2018;RPE_GFP-WDFY2_after_02_visit_5;control;0,474;0,705
1;14.11.2018;RPE_GFP-WDFY2_after_02_visit_5;control;0,907;0,363
1;14.11.2018;RPE_GFP-WDFY2_after_02_visit_5;control;0,44;0,688
1;14.11.2018;RPE_GFP-WDFY2_after_02_visit_5;control;0,793;0,623
1;14.11.2018;RPE_GFP-WDFY2_after_02_visit_5;control;0,564;0,557
1;14.11.2018;RPE_GFP-WDFY2_after_02_visit_5;control;0,474;0,881
1;14.11.2018;RPE_GFP-WDFY2_after_02_visit_5;control;0,793;0,449
1;14.11.2018;RPE_GFP-WDFY2_after_02_visit_5;control;0,529;0,44
1;14.11.2018;RPE_GFP-WDFY2_after_02_visit_5;control;0,705;0,641
1;14.11.2018;RPE_GFP-WDFY2_after_02_visit_5;control;0,529;0,557
1;14.11.2018;RPE_GFP-WDFY2_after_02_visit_5;control;0,71;1,075
1;14.11.2018;RPE_GFP-WDFY2_after_02_visit_5;control;0,953;0,623
1;14.11.2018;RPE_GFP-WDFY2_after_02_visit_5;control;0,831;0,623
1;14.11.2018;RPE_GFP-WDFY2_after_02_visit_5;control;0,474;0,812
1;14.11.2018;RPE_GFP-WDFY2_after_02_visit_5;control;0,705;0,557
1;14.11.2018;RPE_GFP-WDFY2_after_02_visit_5;control;0,758;0,44
1;14.11.2018;RPE_GFP-WDFY2_after_02_visit_5;control;0,591;1,121
1;14.11.2018;RPE_GFP-WDFY2_after_02_visit_5;control;1,607;1,393
1;14.11.2018;RPE_GFP-WDFY2_after_02_visit_5;control;0,44;0,449
1;14.11.2018;RPE_GFP-WDFY2_after_02_visit_5;control;0,872;0,564
1;14.11.2018;RPE_GFP-WDFY2_after_02_visit_5;control;0,474;0,758
1;14.11.2018;RPE_GFP-WDFY2_after_02_visit_5;control;0,514;1,5
1;14.11.2018;RPE_GFP-WDFY2_after_02_visit_5;control;0,474;0,953
1;14.11.2018;RPE_GFP-WDFY2_after_02_visit_5;control;0,793;0,529
1;14.11.2018;RPE_GFP-WDFY2_after_02_visit_5;control;0,881;0,363
1;14.11.2018;RPE_GFP-WDFY2_after_02_visit_5;control;1,145;0,617
1;14.11.2018;RPE_GFP-WDFY2_after_02_visit_5;control;0,936;0,872
1;14.11.2018;RPE_GFP-WDFY2_after_02_visit_5;control;0,529;0,617
1;14.11.2018;RPE_GFP-WDFY2_after_02_visit_5;control;0,969;0,557
1;14.11.2018;RPE_GFP-WDFY2_after_02_visit_5;control;1,061;0,374
1;14.11.2018;RPE_GFP-WDFY2_after_02_visit_5;control;0,881;0,881
1;14.11.2018;RPE_GFP-WDFY2_after_02_visit_5;control;0,529;0,449
1;14.11.2018;RPE_GFP-WDFY2_after_02_visit_5;control;0,885;0,92
1;14.11.2018;RPE_GFP-WDFY2_after_02_visit_5;control;0,812;0,793
1;14.11.2018;RPE_GFP-WDFY2_after_02_visit_5;control;1,004;0,936
1;14.11.2018;RPE_GFP-WDFY2_after_02_visit_5;control;0,831;0,973
1;14.11.2018;RPE_GFP-WDFY2_after_02_visit_5;control;1,145;0,92
1;14.11.2018;RPE_GFP-WDFY2_after_02_visit_5;control;0,623;0,44
1;14.11.2018;RPE_GFP-WDFY2_after_02_visit_5;control;0,623;1,466
1;14.11.2018;RPE_GFP-WDFY2_after_02_visit_5;control;0,529;0,623
1;14.11.2018;RPE_GFP-WDFY2_after_02_visit_5;control;0,949;0,831
1;14.11.2018;RPE_GFP-WDFY2_after_02_visit_5;control;1,004;0,623
1;14.11.2018;RPE_GFP-WDFY2_after_02_visit_5;control;0,812;0,881
1;14.11.2018;RPE_GFP-WDFY2_after_02_visit_5;control;0,514;0,758
1;14.11.2018;RPE_GFP-WDFY2_after_02_visit_5;control;0,788;0,831
1;14.11.2018;RPE_GFP-WDFY2_after_02_visit_5;control;0,969;0,705
1;14.11.2018;RPE_GFP-WDFY2_after_02_visit_5;control;0,71;0,949
1;14.11.2018;RPE_GFP-WDFY2_after_02_visit_5;control;0,753;0,812
1;14.11.2018;RPE_GFP-WDFY2_after_02_visit_5;control;0,881;0,907
1;14.11.2018;RPE_GFP-WDFY2_after_02_visit_5;control;0,753;0,635
1;14.11.2018;RPE_GFP-WDFY2_after_02_visit_5;control;0,71;1,379
1;14.11.2018;RPE_GFP-WDFY2_after_02_visit_5;control;1,027;0,758
1;14.11.2018;RPE_GFP-WDFY2_after_02_visit_5;control;2,436;2,101
1;14.11.2018;RPE_GFP-WDFY2_after_02_visit_5;control;0,564;0,836
1;14.11.2018;RPE_GFP-WDFY2_after_02_visit_5;control;1,057;1,031
1;14.11.2018;RPE_GFP-WDFY2_after_02_visit_5;control;0,969;0,831
1;14.11.2018;RPE_GFP-WDFY2_after_02_visit_5;control;0,705;0,514
1;14.11.2018;RPE_GFP-WDFY2_after_02_visit_5;control;0,788;0,71
1;14.11.2018;RPE_GFP-WDFY2_after_02_visit_5;control;1,004;1,588
1;14.11.2018;RPE_GFP-WDFY2_after_02_visit_5;control;1,072;0,529
1;14.11.2018;RPE_GFP-WDFY2_after_02_visit_5;control;0,623;0,557
1;14.11.2018;RPE_GFP-WDFY2_after_02_visit_5;control;0,617;0,831
1;14.11.2018;RPE_GFP-WDFY2_after_02_visit_5;control;0,836;1,227
1;14.11.2018;RPE_GFP-WDFY2_after_02_visit_5;control;0,812;0,591
1;14.11.2018;RPE_GFP-WDFY2_after_02_visit_5;control;0,71;0,514
1;14.11.2018;RPE_GFP-WDFY2_after_02_visit_5;control;1,072;1,075
1;14.11.2018;RPE_GFP-WDFY2_after_02_visit_5;control;0,907;0,688
1;14.11.2018;RPE_GFP-WDFY2_after_02_visit_5;control;0,617;0,44
1;14.11.2018;RPE_GFP-WDFY2_after_02_visit_5;control;0,788;1,662
1;14.11.2018;RPE_GFP-WDFY2_after_02_visit_5;control;0,617;1,128
1;14.11.2018;RPE_GFP-WDFY2_after_02_visit_5;control;0,44;1,175
1;14.11.2018;RPE_GFP-WDFY2_after_02_visit_5;control;0,641;0,557
1;14.11.2018;RPE_GFP-WDFY2_after_02_visit_5;control;0,885;1,004
1;14.11.2018;RPE_GFP-WDFY2_after_02_visit_5;control;0,617;0,529
1;14.11.2018;RPE_GFP-WDFY2_after_02_visit_5;control;0,881;0,623
1;14.11.2018;RPE_GFP-WDFY2_after_02_visit_5;control;0,868;0,705
1;14.11.2018;RPE_GFP-WDFY2_after_02_visit_5;control;0,793;0,623
1;14.11.2018;RPE_GFP-WDFY2_after_02_visit_5;control;1,064;1,149
1;14.11.2018;RPE_GFP-WDFY2_after_02_visit_5;control;0,536;0,591
1;14.11.2018;RPE_GFP-WDFY2_after_02_visit_5;control;0,363;0,688
1;14.11.2018;RPE_GFP-WDFY2_after_02_visit_5;control;0,641;1,004
1;14.11.2018;RPE_GFP-WDFY2_after_02_visit_5;control;0,363;0,881
1;14.11.2018;RPE_GFP-WDFY2_after_02_visit_5;control;0,747;0,514
1;14.11.2018;RPE_GFP-WDFY2_after_02_visit_5;control;0,831;0,758
2;15.11.2018;RPE_GFP-WDFY2_after_01_visit_1;control;1,004;0,758
2;15.11.2018;RPE_GFP-WDFY2_after_01_visit_1;control;0,836;0,753
2;15.11.2018;RPE_GFP-WDFY2_after_01_visit_1;control;0,591;0,557
2;15.11.2018;RPE_GFP-WDFY2_after_01_visit_1;control;0,529;0,474
2;15.11.2018;RPE_GFP-WDFY2_after_01_visit_1;control;0,726;0,92
2;15.11.2018;RPE_GFP-WDFY2_after_01_visit_1;control;0,71;1,869
2;15.11.2018;RPE_GFP-WDFY2_after_01_visit_1;control;0,885;0,753
2;15.11.2018;RPE_GFP-WDFY2_after_01_visit_1;control;0,985;0,623
2;15.11.2018;RPE_GFP-WDFY2_after_01_visit_1;control;1,064;1,149
2;15.11.2018;RPE_GFP-WDFY2_after_01_visit_1;control;0,564;0,564
2;15.11.2018;RPE_GFP-WDFY2_after_01_visit_1;control;0,812;1,061
2;15.11.2018;RPE_GFP-WDFY2_after_01_visit_1;control;0,868;1,466
2;15.11.2018;RPE_GFP-WDFY2_after_01_visit_1;control;1,044;0,44
2;15.11.2018;RPE_GFP-WDFY2_after_01_visit_1;control;1,072;1,246
2;15.11.2018;RPE_GFP-WDFY2_after_01_visit_1;control;1,145;1,309
2;15.11.2018;RPE_GFP-WDFY2_after_01_visit_1;control;0,557;0,831
2;15.11.2018;RPE_GFP-WDFY2_after_01_visit_1;control;0,747;0,623
2;15.11.2018;RPE_GFP-WDFY2_after_01_visit_1;control;0,953;0,881
2;15.11.2018;RPE_GFP-WDFY2_after_01_visit_1;control;1,063;1,638
2;15.11.2018;RPE_GFP-WDFY2_after_01_visit_1;control;0,758;1,568
2;15.11.2018;RPE_GFP-WDFY2_after_01_visit_1;control;0,812;2,009
2;15.11.2018;RPE_GFP-WDFY2_after_01_visit_1;control;0,44;0,591
2;15.11.2018;RPE_GFP-WDFY2_after_01_visit_1;control;0,71;0,536
2;15.11.2018;RPE_GFP-WDFY2_after_01_visit_1;control;0,71;0,836
2;15.11.2018;RPE_GFP-WDFY2_after_01_visit_1;control;0,536;0,564
2;15.11.2018;RPE_GFP-WDFY2_after_01_visit_1;control;0,591;0,671
2;15.11.2018;RPE_GFP-WDFY2_after_01_visit_1;control;0,758;1,748
2;15.11.2018;RPE_GFP-WDFY2_after_01_visit_1;control;0,798;0,898
2;15.11.2018;RPE_GFP-WDFY2_after_01_visit_1;control;0,591;0,907
2;15.11.2018;RPE_GFP-WDFY2_after_01_visit_1;control;1,104;0,44
2;15.11.2018;RPE_GFP-WDFY2_after_01_visit_1;control;0,798;1,252
2;15.11.2018;RPE_GFP-WDFY2_after_01_visit_1;control;0,985;1,233
2;15.11.2018;RPE_GFP-WDFY2_after_01_visit_1;control;0,885;0,949
2;15.11.2018;RPE_GFP-WDFY2_after_01_visit_1;control;0,881;1,061
2;15.11.2018;RPE_GFP-WDFY2_after_01_visit_1;control;0,997;1,748
2;15.11.2018;RPE_GFP-WDFY2_after_01_visit_1;control;1,004;0,936
2;15.11.2018;RPE_GFP-WDFY2_after_01_visit_1;control;0,885;0,793
2;15.11.2018;RPE_GFP-WDFY2_after_01_visit_1;control;0,758;0,623
2;15.11.2018;RPE_GFP-WDFY2_after_01_visit_1;control;0,71;0,71
2;15.11.2018;RPE_GFP-WDFY2_after_01_visit_1;control;0,831;0,363
2;15.11.2018;RPE_GFP-WDFY2_after_01_visit_1;control;0,529;1,674
2;15.11.2018;RPE_GFP-WDFY2_after_01_visit_1;control;0,529;0,536
2;15.11.2018;RPE_GFP-WDFY2_after_01_visit_1;control;0,635;0,44
2;15.11.2018;RPE_GFP-WDFY2_after_01_visit_1;control;0,557;0,591
2;15.11.2018;RPE_GFP-WDFY2_after_01_visit_1;control;0,617;0,812
2;15.11.2018;RPE_GFP-WDFY2_after_01_visit_2;control;0,617;0,936
2;15.11.2018;RPE_GFP-WDFY2_after_01_visit_2;control;0,557;0,705
2;15.11.2018;RPE_GFP-WDFY2_after_01_visit_2;control;0,753;0,536
2;15.11.2018;RPE_GFP-WDFY2_after_01_visit_2;control;0,449;0,318
2;15.11.2018;RPE_GFP-WDFY2_after_01_visit_2;control;0,474;0,635
2;15.11.2018;RPE_GFP-WDFY2_after_01_visit_2;control;0,868;1,072
2;15.11.2018;RPE_GFP-WDFY2_after_01_visit_2;control;0,812;0,557
2;15.11.2018;RPE_GFP-WDFY2_after_01_visit_2;control;1,145;1,121
2;15.11.2018;RPE_GFP-WDFY2_after_01_visit_2;control;0,641;0,264
2;15.11.2018;RPE_GFP-WDFY2_after_01_visit_2;control;1,42;1,576
2;15.11.2018;RPE_GFP-WDFY2_after_01_visit_2;control;0,868;0,985
2;15.11.2018;RPE_GFP-WDFY2_after_01_visit_2;control;0,812;0,564
2;15.11.2018;RPE_GFP-WDFY2_after_01_visit_2;control;0,788;0,788
2;15.11.2018;RPE_GFP-WDFY2_after_01_visit_2;control;0,591;0,671
2;15.11.2018;RPE_GFP-WDFY2_after_01_visit_2;control;0,44;0,449
2;15.11.2018;RPE_GFP-WDFY2_after_01_visit_2;control;1,393;1,061
2;15.11.2018;RPE_GFP-WDFY2_after_01_visit_2;control;0,868;0,71
2;15.11.2018;RPE_GFP-WDFY2_after_01_visit_2;control;1,185;0,758
2;15.11.2018;RPE_GFP-WDFY2_after_01_visit_2;control;1,458;1,345
2;15.11.2018;RPE_GFP-WDFY2_after_01_visit_2;control;0,71;1,505
2;15.11.2018;RPE_GFP-WDFY2_after_01_visit_2;control;0,71;1,309
2;15.11.2018;RPE_GFP-WDFY2_after_01_visit_2;control;1,409;1,261
2;15.11.2018;RPE_GFP-WDFY2_after_01_visit_2;control;0,949;0,997
2;15.11.2018;RPE_GFP-WDFY2_after_01_visit_2;control;0,557;0,705
2;15.11.2018;RPE_GFP-WDFY2_after_01_visit_2;control;0,726;0,498
2;15.11.2018;RPE_GFP-WDFY2_after_01_visit_2;control;0,671;0,514
2;15.11.2018;RPE_GFP-WDFY2_after_01_visit_2;control;0,529;1,027
2;15.11.2018;RPE_GFP-WDFY2_after_01_visit_2;control;0,705;1,075
2;15.11.2018;RPE_GFP-WDFY2_after_01_visit_2;control;0,973;1,104
2;15.11.2018;RPE_GFP-WDFY2_after_01_visit_2;control;0,529;5,116
2;15.11.2018;RPE_GFP-WDFY2_after_01_visit_3;control;0,936;0,591
2;15.11.2018;RPE_GFP-WDFY2_after_01_visit_3;control;0,753;0,881
2;15.11.2018;RPE_GFP-WDFY2_after_01_visit_3;control;0,71;0,793
2;15.11.2018;RPE_GFP-WDFY2_after_01_visit_3;control;0,885;0,71
2;15.11.2018;RPE_GFP-WDFY2_after_01_visit_3;control;0,753;0,635
2;15.11.2018;RPE_GFP-WDFY2_after_01_visit_3;control;2,056;3,278
2;15.11.2018;RPE_GFP-WDFY2_after_01_visit_3;control;0,812;2,064
2;15.11.2018;RPE_GFP-WDFY2_after_01_visit_3;control;0,557;0,623
2;15.11.2018;RPE_GFP-WDFY2_after_01_visit_3;control;0,617;0,536
2;15.11.2018;RPE_GFP-WDFY2_after_01_visit_3;control;0,831;0,949
2;15.11.2018;RPE_GFP-WDFY2_after_01_visit_3;control;0,474;0,881
2;15.11.2018;RPE_GFP-WDFY2_after_01_visit_3;control;0,885;1,246
2;15.11.2018;RPE_GFP-WDFY2_after_01_visit_3;control;0,969;0,536
2;15.11.2018;RPE_GFP-WDFY2_after_01_visit_3;control;0,885;0,617
2;15.11.2018;RPE_GFP-WDFY2_after_01_visit_3;control;0,793;0,536
2;15.11.2018;RPE_GFP-WDFY2_after_01_visit_3;control;1,064;1,27
2;15.11.2018;RPE_GFP-WDFY2_after_01_visit_3;control;0,688;0,831
2;15.11.2018;RPE_GFP-WDFY2_after_01_visit_3;control;0,671;0,985
2;15.11.2018;RPE_GFP-WDFY2_after_01_visit_3;control;0,671;1,182
2;15.11.2018;RPE_GFP-WDFY2_after_01_visit_3;control;0,449;0,514
2;15.11.2018;RPE_GFP-WDFY2_after_01_visit_3;control;1,114;0,635
2;15.11.2018;RPE_GFP-WDFY2_after_01_visit_3;control;0,812;0,44
2;15.11.2018;RPE_GFP-WDFY2_after_01_visit_3;control;0,812;0,363
2;15.11.2018;RPE_GFP-WDFY2_after_01_visit_3;control;1,072;1,159
2;15.11.2018;RPE_GFP-WDFY2_after_01_visit_3;control;0,564;0,872
2;15.11.2018;RPE_GFP-WDFY2_after_01_visit_3;control;0,71;1,027
2;15.11.2018;RPE_GFP-WDFY2_after_01_visit_3;control;0,969;0,985
2;15.11.2018;RPE_GFP-WDFY2_after_01_visit_3;control;0,836;2,026
2;15.11.2018;RPE_GFP-WDFY2_after_01_visit_3;control;0,529;0,836
2;15.11.2018;RPE_GFP-WDFY2_after_01_visit_3;control;0,536;1,004
2;15.11.2018;RPE_GFP-WDFY2_after_01_visit_3;control;0,641;1,71
2;15.11.2018;RPE_GFP-WDFY2_after_01_visit_3;control;0,788;0,881
2;15.11.2018;RPE_GFP-WDFY2_after_01_visit_3;control;0,836;0,793
2;15.11.2018;RPE_GFP-WDFY2_after_01_visit_3;control;0,758;0,881
2;15.11.2018;RPE_GFP-WDFY2_after_01_visit_3;control;0,726;1,026
2;15.11.2018;RPE_GFP-WDFY2_after_01_visit_3;control;0,514;0,881
2;15.11.2018;RPE_GFP-WDFY2_after_01_visit_3;control;0,279;1,072
2;15.11.2018;RPE_GFP-WDFY2_after_01_visit_3;control;1,072;2,131
2;15.11.2018;RPE_GFP-WDFY2_after_01_visit_3;control;0,641;0,352
2;15.11.2018;RPE_GFP-WDFY2_after_01_visit_3;control;0,726;0,688
2;15.11.2018;RPE_GFP-WDFY2_after_01_visit_3;control;1,072;1,839
2;15.11.2018;RPE_GFP-WDFY2_after_01_visit_3;control;0,788;0,44
2;15.11.2018;RPE_GFP-WDFY2_after_01_visit_3;control;0,474;0,536
2;15.11.2018;RPE_GFP-WDFY2_after_01_visit_3;control;0,758;0,747
2;15.11.2018;RPE_GFP-WDFY2_after_01_visit_4;control;0,635;0,812
2;15.11.2018;RPE_GFP-WDFY2_after_01_visit_4;control;0,688;0,635
2;15.11.2018;RPE_GFP-WDFY2_after_01_visit_4;control;1,004;0,449
2;15.11.2018;RPE_GFP-WDFY2_after_01_visit_4;control;0,985;0,557
2;15.11.2018;RPE_GFP-WDFY2_after_01_visit_4;control;0,753;0,591
2;15.11.2018;RPE_GFP-WDFY2_after_01_visit_4;control;2,026;5,473
2;15.11.2018;RPE_GFP-WDFY2_after_01_visit_4;control;1,061;0,705
2;15.11.2018;RPE_GFP-WDFY2_after_01_visit_4;control;0,798;0,726
2;15.11.2018;RPE_GFP-WDFY2_after_01_visit_4;control;0,798;0,44
2;15.11.2018;RPE_GFP-WDFY2_after_01_visit_4;control;0,812;0,92
2;15.11.2018;RPE_GFP-WDFY2_after_01_visit_4;control;1,198;0,71
2;15.11.2018;RPE_GFP-WDFY2_after_01_visit_4;control;0,623;0,71
2;15.11.2018;RPE_GFP-WDFY2_after_01_visit_4;control;0,688;1,342
2;15.11.2018;RPE_GFP-WDFY2_after_01_visit_4;control;0,969;3,748
2;15.11.2018;RPE_GFP-WDFY2_after_01_visit_4;control;0,617;0,514
2;15.11.2018;RPE_GFP-WDFY2_after_01_visit_4;control;0,623;2,326
2;15.11.2018;RPE_GFP-WDFY2_after_01_visit_4;control;0,44;0,798
2;15.11.2018;RPE_GFP-WDFY2_after_01_visit_4;control;0,617;0,529
2;15.11.2018;RPE_GFP-WDFY2_after_01_visit_4;control;1,586;1,057
2;15.11.2018;RPE_GFP-WDFY2_after_01_visit_4;control;0,831;0,868
2;15.11.2018;RPE_GFP-WDFY2_after_01_visit_4;control;1,031;1,379
2;15.11.2018;RPE_GFP-WDFY2_after_01_visit_4;control;0,936;1,114
2;15.11.2018;RPE_GFP-WDFY2_after_01_visit_4;control;0,564;1,004
2;15.11.2018;RPE_GFP-WDFY2_after_01_visit_4;control;0,536;0,936
2;15.11.2018;RPE_GFP-WDFY2_after_01_visit_4;control;0,868;0,885
2;15.11.2018;RPE_GFP-WDFY2_after_01_visit_4;control;1,321;1,568
2;15.11.2018;RPE_GFP-WDFY2_after_01_visit_4;control;0,529;1,198
2;15.11.2018;RPE_GFP-WDFY2_after_01_visit_4;control;1,061;0,617
2;15.11.2018;RPE_GFP-WDFY2_after_01_visit_4;control;0,985;0,881
2;15.11.2018;RPE_GFP-WDFY2_after_01_visit_4;control;0,793;0,44
2;15.11.2018;RPE_GFP-WDFY2_after_01_visit_4;control;1,568;0,936
2;15.11.2018;RPE_GFP-WDFY2_after_01_visit_5;control;0,705;0,591
2;15.11.2018;RPE_GFP-WDFY2_after_01_visit_5;control;0,885;0,617
2;15.11.2018;RPE_GFP-WDFY2_after_01_visit_5;control;0,985;1,159
2;15.11.2018;RPE_GFP-WDFY2_after_01_visit_5;control;0,44;0,831
2;15.11.2018;RPE_GFP-WDFY2_after_01_visit_5;control;0,474;0,836
2;15.11.2018;RPE_GFP-WDFY2_after_01_visit_5;control;0,753;0,641
2;15.11.2018;RPE_GFP-WDFY2_after_01_visit_5;control;1,004;0,557
2;15.11.2018;RPE_GFP-WDFY2_after_01_visit_5;control;0,907;0,747
2;15.11.2018;RPE_GFP-WDFY2_after_01_visit_5;control;0,617;0,881
2;15.11.2018;RPE_GFP-WDFY2_after_01_visit_5;control;0,279;1,128
2;15.11.2018;RPE_GFP-WDFY2_after_01_visit_5;control;0,617;0,44
2;15.11.2018;RPE_GFP-WDFY2_after_01_visit_5;control;0,564;0,872
2;15.11.2018;RPE_GFP-WDFY2_after_01_visit_5;control;0,671;0,949
2;15.11.2018;RPE_GFP-WDFY2_after_01_visit_5;control;0,688;0,997
2;15.11.2018;RPE_GFP-WDFY2_after_01_visit_5;control;0,474;1,345
2;15.11.2018;RPE_GFP-WDFY2_after_01_visit_5;control;0,623;0,641
2;15.11.2018;RPE_GFP-WDFY2_after_01_visit_5;control;1,072;0,793
2;15.11.2018;RPE_GFP-WDFY2_after_01_visit_5;control;0,529;1,445
2;15.11.2018;RPE_GFP-WDFY2_after_01_visit_5;control;0,617;0,623
2;15.11.2018;RPE_GFP-WDFY2_after_01_visit_5;control;0,671;0,831
2;15.11.2018;RPE_GFP-WDFY2_after_01_visit_5;control;0,92;0,617
2;15.11.2018;RPE_GFP-WDFY2_after_01_visit_5;control;0,705;0,71
2;15.11.2018;RPE_GFP-WDFY2_after_01_visit_5;control;0,591;1,342
2;15.11.2018;RPE_GFP-WDFY2_after_01_visit_5;control;0,688;0,474
2;15.11.2018;RPE_GFP-WDFY2_after_01_visit_5;control;0,71;0,705
2;15.11.2018;RPE_GFP-WDFY2_after_01_visit_5;control;0,812;0,758
2;15.11.2018;RPE_GFP-WDFY2_after_01_visit_5;control;0,474;0,798
2;15.11.2018;RPE_GFP-WDFY2_after_01_visit_5;control;0,788;0,753
2;15.11.2018;RPE_GFP-WDFY2_after_01_visit_5;control;0,705;0,514
2;15.11.2018;RPE_GFP-WDFY2_after_01_visit_5;control;0,44;1,246
2;15.11.2018;RPE_GFP-WDFY2_after_01_visit_5;control;0,671;0,474
3;20.11.2018;RPE_GFP-WDFY2_Ck666_201118_Before_01_visit_1;control;0,618;0,529
3;20.11.2018;RPE_GFP-WDFY2_Ck666_201118_Before_01_visit_1;control;0,502;0,406
3;20.11.2018;RPE_GFP-WDFY2_Ck666_201118_Before_01_visit_1;control;0,53;0,396
3;20.11.2018;RPE_GFP-WDFY2_Ck666_201118_Before_01_visit_1;control;0,684;0,492
3;20.11.2018;RPE_GFP-WDFY2_Ck666_201118_Before_01_visit_1;control;0,696;1,307
3;20.11.2018;RPE_GFP-WDFY2_Ck666_201118_Before_01_visit_1;control;0,706;0,855
3;20.11.2018;RPE_GFP-WDFY2_Ck666_201118_Before_01_visit_1;control;0,798;0,881
3;20.11.2018;RPE_GFP-WDFY2_Ck666_201118_Before_01_visit_1;control;0,573;0,71
3;20.11.2018;RPE_GFP-WDFY2_Ck666_201118_Before_01_visit_1;control;0,588;0,379
3;20.11.2018;RPE_GFP-WDFY2_Ck666_201118_Before_01_visit_1;control;0,514;0,564
3;20.11.2018;RPE_GFP-WDFY2_Ck666_201118_Before_01_visit_1;control;0,492;1,024
3;20.11.2018;RPE_GFP-WDFY2_Ck666_201118_Before_01_visit_1;control;1,41;1,059
3;20.11.2018;RPE_GFP-WDFY2_Ck666_201118_Before_01_visit_1;control;0,689;0,492
3;20.11.2018;RPE_GFP-WDFY2_Ck666_201118_Before_01_visit_1;control;0,379;0,476
3;20.11.2018;RPE_GFP-WDFY2_Ck666_201118_Before_01_visit_2;control;0,613;0,812
3;20.11.2018;RPE_GFP-WDFY2_Ck666_201118_Before_01_visit_2;control;0,688;0,344
3;20.11.2018;RPE_GFP-WDFY2_Ck666_201118_Before_01_visit_2;control;0,53;0,449
3;20.11.2018;RPE_GFP-WDFY2_Ck666_201118_Before_01_visit_2;control;0,44;1,426
3;20.11.2018;RPE_GFP-WDFY2_Ck666_201118_Before_01_visit_2;control;0,599;0,635
3;20.11.2018;RPE_GFP-WDFY2_Ck666_201118_Before_01_visit_2;control;0,671;1,477
3;20.11.2018;RPE_GFP-WDFY2_Ck666_201118_Before_01_visit_2;control;0,666;0,476
3;20.11.2018;RPE_GFP-WDFY2_Ck666_201118_Before_01_visit_2;control;0,76;1,146
3;20.11.2018;RPE_GFP-WDFY2_Ck666_201118_Before_01_visit_2;control;0,684;0,492
3;20.11.2018;RPE_GFP-WDFY2_Ck666_201118_Before_01_visit_2;control;0,436;0,809
3;20.11.2018;RPE_GFP-WDFY2_Ck666_201118_Before_01_visit_2;control;0,573;0,355
3;20.11.2018;RPE_GFP-WDFY2_Ck666_201118_Before_01_visit_2;control;0,65;0,453
3;20.11.2018;RPE_GFP-WDFY2_Ck666_201118_Before_01_visit_2;control;0,282;0,841
3;20.11.2018;RPE_GFP-WDFY2_Ck666_201118_Before_01_visit_2;control;0,672;0,655
3;20.11.2018;RPE_GFP-WDFY2_Ck666_201118_Before_01_visit_2;control;0,631;0,502
3;20.11.2018;RPE_GFP-WDFY2_Ck666_201118_Before_01_visit_2;control;0,617;0,363
3;20.11.2018;RPE_GFP-WDFY2_Ck666_201118_Before_01_visit_2;control;0,574;0,394
3;20.11.2018;RPE_GFP-WDFY2_Ck666_201118_Before_01_visit_2;control;0,516;0,908
3;20.11.2018;RPE_GFP-WDFY2_Ck666_201118_Before_01_visit_2;control;0,671;0,925
3;20.11.2018;RPE_GFP-WDFY2_Ck666_201118_Before_01_visit_2;control;0,705;0,529
3;20.11.2018;RPE_GFP-WDFY2_Ck666_201118_Before_01_visit_2;control;0,593;0,635
3;20.11.2018;RPE_GFP-WDFY2_Ck666_201118_Before_01_visit_2;control;0,891;0,671
3;20.11.2018;RPE_GFP-WDFY2_Ck666_201118_Before_01_visit_3;control;0,685;0,376
3;20.11.2018;RPE_GFP-WDFY2_Ck666_201118_Before_01_visit_3;control;0,453;0,532
3;20.11.2018;RPE_GFP-WDFY2_Ck666_201118_Before_01_visit_3;control;0,46;0,434
3;20.11.2018;RPE_GFP-WDFY2_Ck666_201118_Before_01_visit_3;control;0,492;0,529
3;20.11.2018;RPE_GFP-WDFY2_Ck666_201118_Before_01_visit_3;control;0,44;0,498
3;20.11.2018;RPE_GFP-WDFY2_Ck666_201118_Before_01_visit_3;control;0,685;0,847
3;20.11.2018;RPE_GFP-WDFY2_Ck666_201118_Before_01_visit_3;control;0,44;0,44
3;20.11.2018;RPE_GFP-WDFY2_Ck666_201118_Before_01_visit_3;control;0,794;0,726
3;20.11.2018;RPE_GFP-WDFY2_Ck666_201118_Before_01_visit_3;control;0,77;1,34
3;20.11.2018;RPE_GFP-WDFY2_Ck666_201118_Before_01_visit_3;control;0,453;0,406
3;20.11.2018;RPE_GFP-WDFY2_Ck666_201118_Before_01_visit_3;control;0,612;0,4
3;20.11.2018;RPE_GFP-WDFY2_Ck666_201118_Before_01_visit_3;control;0,502;0,474
3;20.11.2018;RPE_GFP-WDFY2_Ck666_201118_Before_01_visit_3;control;0,557;0,729
3;20.11.2018;RPE_GFP-WDFY2_Ck666_201118_Before_01_visit_3;control;0,532;0,538
3;20.11.2018;RPE_GFP-WDFY2_Ck666_201118_Before_01_visit_3;control;0,599;1,005
3;20.11.2018;RPE_GFP-WDFY2_Ck666_201118_Before_01_visit_3;control;0,936;0,631
3;20.11.2018;RPE_GFP-WDFY2_Ck666_201118_Before_01_visit_3;control;0,536;0,591
3;20.11.2018;RPE_GFP-WDFY2_Ck666_201118_Before_01_visit_3;control;0,798;1,022
3;20.11.2018;RPE_GFP-WDFY2_Ck666_201118_Before_01_visit_3;control;0,618;0,623
3;20.11.2018;RPE_GFP-WDFY2_Ck666_201118_Before_01_visit_3;control;0,754;0,355
3;20.11.2018;RPE_GFP-WDFY2_Ck666_201118_Before_01_visit_3;control;0,502;0,712
3;20.11.2018;RPE_GFP-WDFY2_Ck666_201118_Before_01_visit_3;control;0,631;0,784
3;20.11.2018;RPE_GFP-WDFY2_Ck666_201118_Before_01_visit_3;control;0,579;0,684
3;20.11.2018;RPE_GFP-WDFY2_Ck666_201118_Before_01_visit_3;control;0,53;0,46
3;20.11.2018;RPE_GFP-WDFY2_Ck666_201118_Before_01_visit_4;control;0,696;0,71
3;20.11.2018;RPE_GFP-WDFY2_Ck666_201118_Before_01_visit_4;control;0,53;0,784
3;20.11.2018;RPE_GFP-WDFY2_Ck666_201118_Before_01_visit_4;control;0,812;0,696
3;20.11.2018;RPE_GFP-WDFY2_Ck666_201118_Before_01_visit_4;control;0,779;0,999
3;20.11.2018;RPE_GFP-WDFY2_Ck666_201118_Before_01_visit_4;control;0,295;0,788
3;20.11.2018;RPE_GFP-WDFY2_Ck666_201118_Before_01_visit_4;control;0,749;0,476
3;20.11.2018;RPE_GFP-WDFY2_Ck666_201118_Before_01_visit_4;control;0,837;0,712
3;20.11.2018;RPE_GFP-WDFY2_Ck666_201118_Before_01_visit_4;control;0,538;0,623
3;20.11.2018;RPE_GFP-WDFY2_Ck666_201118_Before_01_visit_4;control;0,53;0,685
3;20.11.2018;RPE_GFP-WDFY2_Ck666_201118_Before_01_visit_4;control;0,754;0,967
3;20.11.2018;RPE_GFP-WDFY2_Ck666_201118_Before_01_visit_4;control;0,966;1,183
3;20.11.2018;RPE_GFP-WDFY2_Ck666_201118_Before_01_visit_4;control;0,453;0,916
3;20.11.2018;RPE_GFP-WDFY2_Ck666_201118_Before_01_visit_4;control;0,874;0,557
3;20.11.2018;RPE_GFP-WDFY2_Ck666_201118_Before_01_visit_4;control;0,819;0,685
3;20.11.2018;RPE_GFP-WDFY2_Ck666_201118_Before_01_visit_4;control;0,874;0,951
3;20.11.2018;RPE_GFP-WDFY2_Ck666_201118_Before_01_visit_4;control;0,898;0,99
3;20.11.2018;RPE_GFP-WDFY2_Ck666_201118_Before_01_visit_4;control;0,618;0,53
3;20.11.2018;RPE_GFP-WDFY2_Ck666_201118_Before_01_visit_4;control;1,209;0,967
3;20.11.2018;RPE_GFP-WDFY2_Ck666_201118_Before_01_visit_4;control;0,788;0,418
3;20.11.2018;RPE_GFP-WDFY2_Ck666_201118_Before_01_visit_4;control;0,574;0,77
3;20.11.2018;RPE_GFP-WDFY2_Ck666_201118_Before_01_visit_4;control;0,579;0,836
3;20.11.2018;RPE_GFP-WDFY2_Ck666_201118_Before_01_visit_4;control;0,613;0,688
3;20.11.2018;RPE_GFP-WDFY2_Ck666_201118_Before_01_visit_4;control;0,696;1,486
3;20.11.2018;RPE_GFP-WDFY2_Ck666_201118_Before_01_visit_4;control;0,493;0,599
3;20.11.2018;RPE_GFP-WDFY2_Ck666_201118_Before_01_visit_4;control;0,655;0,696
3;20.11.2018;RPE_GFP-WDFY2_Ck666_201118_Before_01_visit_4;control;1,006;1,109
3;20.11.2018;RPE_GFP-WDFY2_Ck666_201118_Before_01_visit_4;control;0,591;0,552
3;20.11.2018;RPE_GFP-WDFY2_Ck666_201118_Before_01_visit_4;control;0,631;0,453
3;20.11.2018;RPE_GFP-WDFY2_Ck666_201118_Before_01_visit_4;control;0,784;0,75
3;20.11.2018;RPE_GFP-WDFY2_Ck666_201118_Before_01_visit_4;control;0,635;0,76
3;20.11.2018;RPE_GFP-WDFY2_Ck666_201118_Before_01_visit_4;control;0,579;1,93
3;20.11.2018;RPE_GFP-WDFY2_Ck666_201118_Before_01_visit_5;control;0,379;0,696
3;20.11.2018;RPE_GFP-WDFY2_Ck666_201118_Before_01_visit_5;control;0,612;0,626
3;20.11.2018;RPE_GFP-WDFY2_Ck666_201118_Before_01_visit_5;control;0,552;0,855
3;20.11.2018;RPE_GFP-WDFY2_Ck666_201118_Before_01_visit_5;control;0,335;0,612
3;20.11.2018;RPE_GFP-WDFY2_Ck666_201118_Before_01_visit_5;control;0,613;0,376
3;20.11.2018;RPE_GFP-WDFY2_Ck666_201118_Before_01_visit_5;control;0,564;0,538
3;20.11.2018;RPE_GFP-WDFY2_Ck666_201118_Before_01_visit_5;control;0,626;0,434
3;20.11.2018;RPE_GFP-WDFY2_Ck666_201118_Before_01_visit_5;control;0,514;0,436
3;20.11.2018;RPE_GFP-WDFY2_Ck666_201118_Before_01_visit_5;control;0,376;0,502
3;20.11.2018;RPE_GFP-WDFY2_Ck666_201118_Before_01_visit_5;control;0,502;1,004
3;20.11.2018;RPE_GFP-WDFY2_Ck666_201118_Before_01_visit_5;control;0,967;0,749
3;20.11.2018;RPE_GFP-WDFY2_Ck666_201118_Before_01_visit_5;control;0,758;1,314
3;20.11.2018;RPE_GFP-WDFY2_Ck666_201118_Before_01_visit_5;control;0,406;1,243
3;20.11.2018;RPE_GFP-WDFY2_Ck666_201118_Before_01_visit_5;control;0,946;0,794
3;20.11.2018;RPE_GFP-WDFY2_Ck666_201118_Before_01_visit_5;control;0,841;0,696
3;20.11.2018;RPE_GFP-WDFY2_Ck666_201118_Before_01_visit_5;control;0,847;1,088
3;20.11.2018;RPE_GFP-WDFY2_Ck666_201118_Before_01_visit_5;control;0,593;0,966
3;20.11.2018;RPE_GFP-WDFY2_Ck666_201118_Before_01_visit_5;control;0,573;0,618
3;20.11.2018;RPE_GFP-WDFY2_Ck666_201118_Before_01_visit_5;control;0,631;0,71
3;20.11.2018;RPE_GFP-WDFY2_Ck666_201118_Before_01_visit_5;control;0,626;0,733
3;20.11.2018;RPE_GFP-WDFY2_Ck666_201118_Before_01_visit_5;control;0,308;1,27
3;20.11.2018;RPE_GFP-WDFY2_Ck666_201118_Before_01_visit_5;control;0,696;1,745
3;20.11.2018;RPE_GFP-WDFY2_Ck666_201118_Before_01_visit_5;control;0,623;0,573
3;20.11.2018;RPE_GFP-WDFY2_Ck666_201118_Before_01_visit_5;control;0,573;1,105
3;20.11.2018;RPE_GFP-WDFY2_Ck666_201118_Before_01_visit_5;control;0,492;0,929
3;20.11.2018;RPE_GFP-WDFY2_Ck666_201118_Before_01_visit_5;control;0,53;0,436
3;20.11.2018;RPE_GFP-WDFY2_Ck666_201118_Before_01_visit_5;control;0,641;1,42
1;14.11.2018;RPE_GFP-WDFY2_after_01_visit_1;CK666;0,44;0,608
1;14.11.2018;RPE_GFP-WDFY2_after_01_visit_1;CK666;0,272;2,361
1;14.11.2018;RPE_GFP-WDFY2_after_01_visit_1;CK666;0,48;3,29
1;14.11.2018;RPE_GFP-WDFY2_after_01_visit_1;CK666;0,842;0,622
1;14.11.2018;RPE_GFP-WDFY2_after_01_visit_1;CK666;0,32;1,591
1;14.11.2018;RPE_GFP-WDFY2_after_01_visit_1;CK666;0,622;1,217
1;14.11.2018;RPE_GFP-WDFY2_after_01_visit_1;CK666;0,358;0,596
1;14.11.2018;RPE_GFP-WDFY2_after_01_visit_1;CK666;0,938;1,036
1;14.11.2018;RPE_GFP-WDFY2_after_01_visit_1;CK666;1,333;1,131
1;14.11.2018;RPE_GFP-WDFY2_after_01_visit_1;CK666;0,427;2,762
1;14.11.2018;RPE_GFP-WDFY2_after_01_visit_1;CK666;0,649;0,503
1;14.11.2018;RPE_GFP-WDFY2_after_01_visit_1;CK666;0,608;0,933
1;14.11.2018;RPE_GFP-WDFY2_after_01_visit_1;CK666;0,43;0,86
1;14.11.2018;RPE_GFP-WDFY2_after_01_visit_1;CK666;0,533;1,55
1;14.11.2018;RPE_GFP-WDFY2_after_01_visit_1;CK666;0,907;0,683
1;14.11.2018;RPE_GFP-WDFY2_after_01_visit_1;CK666;0,8;2,086
1;14.11.2018;RPE_GFP-WDFY2_after_01_visit_1;CK666;1,131;2,187
1;14.11.2018;RPE_GFP-WDFY2_after_01_visit_1;CK666;0,814;0,668
1;14.11.2018;RPE_GFP-WDFY2_after_01_visit_1;CK666;0,64;0,743
1;14.11.2018;RPE_GFP-WDFY2_after_01_visit_1;CK666;1,145;3,094
1;14.11.2018;RPE_GFP-WDFY2_after_01_visit_1;CK666;0,812;1,051
1;14.11.2018;RPE_GFP-WDFY2_after_01_visit_1;CK666;0,43;1,654
1;14.11.2018;RPE_GFP-WDFY2_after_01_visit_1;CK666;0,544;5,451
1;14.11.2018;RPE_GFP-WDFY2_after_01_visit_1;CK666;0,43;1,391
1;14.11.2018;RPE_GFP-WDFY2_after_01_visit_1;CK666;0,764;1,14
1;14.11.2018;RPE_GFP-WDFY2_after_01_visit_1;CK666;0,754;1,761
1;14.11.2018;RPE_GFP-WDFY2_after_01_visit_1;CK666;0,533;1,717
1;14.11.2018;RPE_GFP-WDFY2_after_01_visit_1;CK666;0,64;2,41
1;14.11.2018;RPE_GFP-WDFY2_after_01_visit_1;CK666;0,8;0,769
1;14.11.2018;RPE_GFP-WDFY2_after_01_visit_1;CK666;0,43;2,316
1;14.11.2018;RPE_GFP-WDFY2_after_01_visit_2;CK666;0,591;1,107
1;14.11.2018;RPE_GFP-WDFY2_after_01_visit_2;CK666;0,374;0,739
1;14.11.2018;RPE_GFP-WDFY2_after_01_visit_2;CK666;1,129;0,533
1;14.11.2018;RPE_GFP-WDFY2_after_01_visit_2;CK666;0,651;0,869
1;14.11.2018;RPE_GFP-WDFY2_after_01_visit_2;CK666;0,702;0,443
1;14.11.2018;RPE_GFP-WDFY2_after_01_visit_2;CK666;0,73;1,298
1;14.11.2018;RPE_GFP-WDFY2_after_01_visit_2;CK666;0,661;0,591
1;14.11.2018;RPE_GFP-WDFY2_after_01_visit_2;CK666;0,753;0,664
1;14.11.2018;RPE_GFP-WDFY2_after_01_visit_2;CK666;0,564;1,525
1;14.11.2018;RPE_GFP-WDFY2_after_01_visit_2;CK666;0,861;1,519
1;14.11.2018;RPE_GFP-WDFY2_after_01_visit_2;CK666;0,423;2,035
1;14.11.2018;RPE_GFP-WDFY2_after_01_visit_2;CK666;0,753;0,356
1;14.11.2018;RPE_GFP-WDFY2_after_01_visit_2;CK666;0,337;1,154
1;14.11.2018;RPE_GFP-WDFY2_after_01_visit_2;CK666;0,798;0,529
1;14.11.2018;RPE_GFP-WDFY2_after_01_visit_2;CK666;0,418;1,379
1;14.11.2018;RPE_GFP-WDFY2_after_01_visit_2;CK666;0,68;1,542
1;14.11.2018;RPE_GFP-WDFY2_after_01_visit_2;CK666;1,123;1,154
1;14.11.2018;RPE_GFP-WDFY2_after_01_visit_2;CK666;0,982;0,962
1;14.11.2018;RPE_GFP-WDFY2_after_01_visit_2;CK666;0,462;0,899
1;14.11.2018;RPE_GFP-WDFY2_after_01_visit_2;CK666;0,598;0,481
1;14.11.2018;RPE_GFP-WDFY2_after_01_visit_2;CK666;0,467;1,541
1;14.11.2018;RPE_GFP-WDFY2_after_01_visit_2;CK666;0,841;4,614
1;14.11.2018;RPE_GFP-WDFY2_after_01_visit_4;CK666;0,953;3,573
1;14.11.2018;RPE_GFP-WDFY2_after_01_visit_4;CK666;0,946;1,507
1;14.11.2018;RPE_GFP-WDFY2_after_01_visit_4;CK666;0,533;0,591
1;14.11.2018;RPE_GFP-WDFY2_after_01_visit_4;CK666;0,503;1,455
1;14.11.2018;RPE_GFP-WDFY2_after_01_visit_4;CK666;0,476;0,798
1;14.11.2018;RPE_GFP-WDFY2_after_01_visit_4;CK666;0,69;2,123
1;14.11.2018;RPE_GFP-WDFY2_after_01_visit_4;CK666;1,032;1,218
1;14.11.2018;RPE_GFP-WDFY2_after_01_visit_4;CK666;0,806;1,429
1;14.11.2018;RPE_GFP-WDFY2_after_01_visit_4;CK666;1,067;2,335
1;14.11.2018;RPE_GFP-WDFY2_after_01_visit_4;CK666;1,36;1,394
1;14.11.2018;RPE_GFP-WDFY2_after_01_visit_4;CK666;0,545;0,598
1;14.11.2018;RPE_GFP-WDFY2_after_01_visit_4;CK666;0,68;0,712
1;14.11.2018;RPE_GFP-WDFY2_after_01_visit_4;CK666;0,69;0,627
1;14.11.2018;RPE_GFP-WDFY2_after_01_visit_4;CK666;0,828;2,205
1;14.11.2018;RPE_GFP-WDFY2_after_02_visit_1;CK666;0,758;1,503
1;14.11.2018;RPE_GFP-WDFY2_after_02_visit_1;CK666;0,716;1,441
1;14.11.2018;RPE_GFP-WDFY2_after_02_visit_1;CK666;0,651;2,077
1;14.11.2018;RPE_GFP-WDFY2_after_02_visit_1;CK666;0,668;1,516
1;14.11.2018;RPE_GFP-WDFY2_after_02_visit_1;CK666;1,012;3,053
1;14.11.2018;RPE_GFP-WDFY2_after_02_visit_1;CK666;0,272;1,441
1;14.11.2018;RPE_GFP-WDFY2_after_02_visit_1;CK666;0,287;1,237
1;14.11.2018;RPE_GFP-WDFY2_after_02_visit_1;CK666;0,862;2,052
1;14.11.2018;RPE_GFP-WDFY2_after_02_visit_1;CK666;0,302;1,493
1;14.11.2018;RPE_GFP-WDFY2_after_02_visit_1;CK666;0,835;0,675
1;14.11.2018;RPE_GFP-WDFY2_after_02_visit_1;CK666;0,668;1,408
1;14.11.2018;RPE_GFP-WDFY2_after_02_visit_1;CK666;0,695;1,098
1;14.11.2018;RPE_GFP-WDFY2_after_02_visit_1;CK666;0,828;1,614
1;14.11.2018;RPE_GFP-WDFY2_after_02_visit_1;CK666;0,622;0,644
1;14.11.2018;RPE_GFP-WDFY2_after_02_visit_1;CK666;0,86;0,712
1;14.11.2018;RPE_GFP-WDFY2_after_02_visit_3;CK666;1,674;1,073
1;14.11.2018;RPE_GFP-WDFY2_after_02_visit_3;CK666;0,525;0,44
1;14.11.2018;RPE_GFP-WDFY2_after_02_visit_3;CK666;0,608;0,503
1;14.11.2018;RPE_GFP-WDFY2_after_02_visit_3;CK666;0,644;0,843
1;14.11.2018;RPE_GFP-WDFY2_after_02_visit_3;CK666;0,701;0,802
1;14.11.2018;RPE_GFP-WDFY2_after_02_visit_3;CK666;0,973;2,058
1;14.11.2018;RPE_GFP-WDFY2_after_02_visit_3;CK666;0,505;0,918
1;14.11.2018;RPE_GFP-WDFY2_after_02_visit_3;CK666;0,608;0,888
1;14.11.2018;RPE_GFP-WDFY2_after_02_visit_3;CK666;0,793;0,406
1;14.11.2018;RPE_GFP-WDFY2_after_02_visit_3;CK666;0,358;1,228
1;14.11.2018;RPE_GFP-WDFY2_after_02_visit_3;CK666;0,718;1,28
1;14.11.2018;RPE_GFP-WDFY2_after_02_visit_3;CK666;0,693;0,596
1;14.11.2018;RPE_GFP-WDFY2_after_02_visit_3;CK666;0,758;0,533
1;14.11.2018;RPE_GFP-WDFY2_after_02_visit_3;CK666;0,608;1,289
1;14.11.2018;RPE_GFP-WDFY2_after_02_visit_3;CK666;1,337;1,17
1;14.11.2018;RPE_GFP-WDFY2_after_02_visit_3;CK666;0,492;0,701
1;14.11.2018;RPE_GFP-WDFY2_after_02_visit_3;CK666;0,8;0,835
1;14.11.2018;RPE_GFP-WDFY2_after_02_visit_3;CK666;0,642;0,567
1;14.11.2018;RPE_GFP-WDFY2_after_02_visit_3;CK666;0,385;1,012
1;14.11.2018;RPE_GFP-WDFY2_after_02_visit_3;CK666;0,589;1,475
1;14.11.2018;RPE_GFP-WDFY2_after_02_visit_3;CK666;0,44;1,059
1;14.11.2018;RPE_GFP-WDFY2_after_02_visit_3;CK666;0,337;0,758
1;14.11.2018;RPE_GFP-WDFY2_after_02_visit_3;CK666;0,567;0,622
1;14.11.2018;RPE_GFP-WDFY2_after_02_visit_3;CK666;0,833;0,758
1;14.11.2018;RPE_GFP-WDFY2_after_02_visit_3;CK666;0,651;1,385
1;14.11.2018;RPE_GFP-WDFY2_after_02_visit_3;CK666;0,649;1,079
1;14.11.2018;RPE_GFP-WDFY2_after_02_visit_3;CK666;0,533;0,577
1;14.11.2018;RPE_GFP-WDFY2_after_02_visit_3;CK666;0,427;0,557
1;14.11.2018;RPE_GFP-WDFY2_after_02_visit_3;CK666;0,377;0,725
1;14.11.2018;RPE_GFP-WDFY2_after_02_visit_4;CK666;0,561;0,623
1;14.11.2018;RPE_GFP-WDFY2_after_02_visit_4;CK666;0,739;0,595
1;14.11.2018;RPE_GFP-WDFY2_after_02_visit_4;CK666;0,739;0,982
1;14.11.2018;RPE_GFP-WDFY2_after_02_visit_4;CK666;0,591;0,564
1;14.11.2018;RPE_GFP-WDFY2_after_02_visit_4;CK666;0,462;3,428
1;14.11.2018;RPE_GFP-WDFY2_after_02_visit_4;CK666;0,568;0,796
1;14.11.2018;RPE_GFP-WDFY2_after_02_visit_4;CK666;0,598;0,804
1;14.11.2018;RPE_GFP-WDFY2_after_02_visit_4;CK666;0,793;0,661
1;14.11.2018;RPE_GFP-WDFY2_after_02_visit_4;CK666;0,545;1,356
1;14.11.2018;RPE_GFP-WDFY2_after_02_visit_4;CK666;0,545;1,176
1;14.11.2018;RPE_GFP-WDFY2_after_02_visit_4;CK666;0,33;2,1
1;14.11.2018;RPE_GFP-WDFY2_after_02_visit_4;CK666;0,654;2,663
1;14.11.2018;RPE_GFP-WDFY2_after_02_visit_4;CK666;0,598;2,086
1;14.11.2018;RPE_GFP-WDFY2_after_02_visit_4;CK666;0,443;1,455
1;14.11.2018;RPE_GFP-WDFY2_after_02_visit_4;CK666;0,481;1,176
1;14.11.2018;RPE_GFP-WDFY2_after_02_visit_4;CK666;0,859;1,156
1;14.11.2018;RPE_GFP-WDFY2_after_02_visit_4;CK666;0,609;0,623
1;14.11.2018;RPE_GFP-WDFY2_after_02_visit_4;CK666;0,661;0,925
1;14.11.2018;RPE_GFP-WDFY2_after_02_visit_4;CK666;0,975;1,723
1;14.11.2018;RPE_GFP-WDFY2_after_02_visit_4;CK666;0,881;0,817
1;14.11.2018;RPE_GFP-WDFY2_after_02_visit_4;CK666;0,702;0,92
1;14.11.2018;RPE_GFP-WDFY2_after_02_visit_5;CK666;0,577;2,005
1;14.11.2018;RPE_GFP-WDFY2_after_02_visit_5;CK666;0,716;0,609
1;14.11.2018;RPE_GFP-WDFY2_after_02_visit_5;CK666;0,466;0,645
1;14.11.2018;RPE_GFP-WDFY2_after_02_visit_5;CK666;0,33;1,2
1;14.11.2018;RPE_GFP-WDFY2_after_02_visit_5;CK666;0,577;0,905
1;14.11.2018;RPE_GFP-WDFY2_after_02_visit_5;CK666;0,738;1,154
1;14.11.2018;RPE_GFP-WDFY2_after_02_visit_5;CK666;0,577;1,888
1;14.11.2018;RPE_GFP-WDFY2_after_02_visit_5;CK666;0,755;0,788
1;14.11.2018;RPE_GFP-WDFY2_after_02_visit_5;CK666;0,8;1,697
1;14.11.2018;RPE_GFP-WDFY2_after_02_visit_5;CK666;0,8;1,002
1;14.11.2018;RPE_GFP-WDFY2_after_02_visit_5;CK666;0,788;0,625
1;14.11.2018;RPE_GFP-WDFY2_after_02_visit_5;CK666;0,66;0,512
1;14.11.2018;RPE_GFP-WDFY2_after_02_visit_5;CK666;0,788;0,8
1;14.11.2018;RPE_GFP-WDFY2_after_02_visit_5;CK666;0,792;1,076
1;14.11.2018;RPE_GFP-WDFY2_after_02_visit_5;CK666;0,8;1,2
1;14.11.2018;RPE_GFP-WDFY2_after_02_visit_5;CK666;0,688;1,002
1;14.11.2018;RPE_GFP-WDFY2_after_02_visit_5;CK666;0,755;0,645
1;14.11.2018;RPE_GFP-WDFY2_after_02_visit_5;CK666;0,56;1,682
1;14.11.2018;RPE_GFP-WDFY2_after_02_visit_5;CK666;0,716;1,324
1;14.11.2018;RPE_GFP-WDFY2_after_02_visit_6;CK666;0,71;0,788
1;14.11.2018;RPE_GFP-WDFY2_after_02_visit_6;CK666;0,688;0,758
1;14.11.2018;RPE_GFP-WDFY2_after_02_visit_6;CK666;0,529;0,529
1;14.11.2018;RPE_GFP-WDFY2_after_02_visit_6;CK666;0,641;0,907
1;14.11.2018;RPE_GFP-WDFY2_after_02_visit_6;CK666;0,985;1,586
1;14.11.2018;RPE_GFP-WDFY2_after_02_visit_6;CK666;0,953;0,71
1;14.11.2018;RPE_GFP-WDFY2_after_02_visit_6;CK666;0,514;0,793
1;14.11.2018;RPE_GFP-WDFY2_after_02_visit_6;CK666;1,004;1,309
1;14.11.2018;RPE_GFP-WDFY2_after_02_visit_6;CK666;0,564;1,748
1;14.11.2018;RPE_GFP-WDFY2_after_02_visit_6;CK666;0,969;1,497
1;14.11.2018;RPE_GFP-WDFY2_after_02_visit_6;CK666;0,635;1,692
1;14.11.2018;RPE_GFP-WDFY2_after_02_visit_6;CK666;0,279;0,812
1;14.11.2018;RPE_GFP-WDFY2_after_02_visit_6;CK666;0,352;3,885
1;14.11.2018;RPE_GFP-WDFY2_after_02_visit_6;CK666;0,831;1,497
1;14.11.2018;RPE_GFP-WDFY2_after_02_visit_6;CK666;0,474;0,953
1;14.11.2018;RPE_GFP-WDFY2_after_02_visit_6;CK666;0,474;1,182
1;14.11.2018;RPE_GFP-WDFY2_after_02_visit_6;CK666;0,641;0,529
1;14.11.2018;RPE_GFP-WDFY2_after_02_visit_6;CK666;0,936;1,104
1;14.11.2018;RPE_GFP-WDFY2_after_02_visit_6;CK666;0,997;1,393
1;14.11.2018;RPE_GFP-WDFY2_after_02_visit_6;CK666;0,591;0,985
2;15.11.2018;RPE_GFP-WDFY2_Ck666_151118_after_01_visit_1;CK666;1,216;1,358
2;15.11.2018;RPE_GFP-WDFY2_Ck666_151118_after_01_visit_1;CK666;0,954;0,603
2;15.11.2018;RPE_GFP-WDFY2_Ck666_151118_after_01_visit_1;CK666;1,114;0,911
2;15.11.2018;RPE_GFP-WDFY2_Ck666_151118_after_01_visit_1;CK666;0,622;1,302
2;15.11.2018;RPE_GFP-WDFY2_Ck666_151118_after_01_visit_1;CK666;0,812;0,544
2;15.11.2018;RPE_GFP-WDFY2_Ck666_151118_after_01_visit_1;CK666;0,905;3,697
2;15.11.2018;RPE_GFP-WDFY2_Ck666_151118_after_01_visit_1;CK666;0,966;0,983
2;15.11.2018;RPE_GFP-WDFY2_Ck666_151118_after_01_visit_1;CK666;0,86;0,918
2;15.11.2018;RPE_GFP-WDFY2_Ck666_151118_after_01_visit_1;CK666;1,302;2,196
2;15.11.2018;RPE_GFP-WDFY2_Ck666_151118_after_01_visit_1;CK666;1,051;0,754
2;15.11.2018;RPE_GFP-WDFY2_Ck666_151118_after_01_visit_1;CK666;0,675;1,841
2;15.11.2018;RPE_GFP-WDFY2_Ck666_151118_after_01_visit_1;CK666;1,154;1,835
2;15.11.2018;RPE_GFP-WDFY2_Ck666_151118_after_01_visit_1;CK666;0,603;0,983
2;15.11.2018;RPE_GFP-WDFY2_Ck666_151118_after_01_visit_1;CK666;1,149;0,905
2;15.11.2018;RPE_GFP-WDFY2_Ck666_151118_after_01_visit_1;CK666;1,051;1,193
2;15.11.2018;RPE_GFP-WDFY2_Ck666_151118_after_01_visit_1;CK666;0,833;1,051
2;15.11.2018;RPE_GFP-WDFY2_Ck666_151118_after_01_visit_1;CK666;1,216;1,114
2;15.11.2018;RPE_GFP-WDFY2_Ck666_151118_after_01_visit_1;CK666;0,533;0,64
2;15.11.2018;RPE_GFP-WDFY2_Ck666_151118_after_01_visit_1;CK666;0,533;2,24
2;15.11.2018;RPE_GFP-WDFY2_Ck666_151118_after_01_visit_1;CK666;0,64;2,052
2;15.11.2018;RPE_GFP-WDFY2_Ck666_151118_after_01_visit_1;CK666;0,649;0,983
2;15.11.2018;RPE_GFP-WDFY2_Ck666_151118_after_01_visit_1;CK666;0,96;2,564
2;15.11.2018;RPE_GFP-WDFY2_Ck666_151118_after_01_visit_1;CK666;0,983;1,451
2;15.11.2018;RPE_GFP-WDFY2_Ck666_151118_after_01_visit_1;CK666;0,954;0,747
2;15.11.2018;RPE_GFP-WDFY2_Ck666_151118_after_01_visit_1;CK666;0,86;2,144
2;15.11.2018;RPE_GFP-WDFY2_Ck666_151118_after_01_visit_1;CK666;0,427;1,358
2;15.11.2018;RPE_GFP-WDFY2_Ck666_151118_after_01_visit_1;CK666;0,533;1,823
2;15.11.2018;RPE_GFP-WDFY2_Ck666_151118_after_01_visit_1;CK666;0,747;0,64
2;15.11.2018;RPE_GFP-WDFY2_Ck666_151118_after_01_visit_1;CK666;1,193;1,403
2;15.11.2018;RPE_GFP-WDFY2_Ck666_151118_after_01_visit_1;CK666;0,853;1,28
2;15.11.2018;RPE_GFP-WDFY2_Ck666_151118_after_01_visit_1;CK666;0,32;1,508
2;15.11.2018;RPE_GFP-WDFY2_Ck666_151118_after_01_visit_1;CK666;1,178;1,012
2;15.11.2018;RPE_GFP-WDFY2_Ck666_151118_after_01_visit_1;CK666;0,911;1,486
2;15.11.2018;RPE_GFP-WDFY2_Ck666_151118_after_01_visit_1;CK666;0,683;1,946
2;15.11.2018;RPE_GFP-WDFY2_Ck666_151118_after_01_visit_1;CK666;0,769;2,488
2;15.11.2018;RPE_GFP-WDFY2_Ck666_151118_after_01_visit_1;CK666;0,544;1,451
2;15.11.2018;RPE_GFP-WDFY2_Ck666_151118_after_01_visit_1;CK666;0,853;3,627
2;15.11.2018;RPE_GFP-WDFY2_Ck666_151118_after_01_visit_1;CK666;0,675;2,22
2;15.11.2018;RPE_GFP-WDFY2_Ck666_151118_after_01_visit_1;CK666;0,812;1,508
2;15.11.2018;RPE_GFP-WDFY2_Ck666_151118_after_01_visit_1;CK666;0,64;1,863
2;15.11.2018;RPE_GFP-WDFY2_Ck666_151118_after_01_visit_1;CK666;0,86;1,193
2;15.11.2018;RPE_GFP-WDFY2_Ck666_151118_after_01_visit_1;CK666;0,983;1,249
2;15.11.2018;RPE_GFP-WDFY2_Ck666_151118_after_01_visit_1;CK666;0,533;0,747
2;15.11.2018;RPE_GFP-WDFY2_Ck666_151118_after_01_visit_1;CK666;0,533;1,284
2;15.11.2018;RPE_GFP-WDFY2_Ck666_151118_after_01_visit_1;CK666;1,173;2,243
2;15.11.2018;RPE_GFP-WDFY2_Ck666_151118_after_01_visit_1;CK666;0,533;0,918
2;15.11.2018;RPE_GFP-WDFY2_Ck666_151118_after_01_visit_1;CK666;0,477;2,147
2;15.11.2018;RPE_GFP-WDFY2_Ck666_151118_after_01_visit_1;CK666;0,954;1,431
2;15.11.2018;RPE_GFP-WDFY2_Ck666_151118_after_01_visit_1;CK666;0,544;1,337
2;15.11.2018;RPE_GFP-WDFY2_Ck666_151118_after_01_visit_1;CK666;0,754;1,289
2;15.11.2018;RPE_GFP-WDFY2_Ck666_151118_after_01_visit_1;CK666;0,769;1,482
2;15.11.2018;RPE_GFP-WDFY2_Ck666_151118_after_01_visit_1;CK666;1,244;2,58
2;15.11.2018;RPE_GFP-WDFY2_Ck666_151118_after_01_visit_1;CK666;0,853;0,777
2;15.11.2018;RPE_GFP-WDFY2_Ck666_151118_after_01_visit_1;CK666;0,812;0,853
2;15.11.2018;RPE_GFP-WDFY2_Ck666_151118_after_01_visit_1;CK666;0,86;0,96
2;15.11.2018;RPE_GFP-WDFY2_Ck666_151118_after_01_visit_1;CK666;1,178;2,29
2;15.11.2018;RPE_GFP-WDFY2_Ck666_151118_after_01_visit_1;CK666;0,64;1,538
2;15.11.2018;RPE_GFP-WDFY2_Ck666_151118_after_01_visit_1;CK666;0,453;2,038
2;15.11.2018;RPE_GFP-WDFY2_Ck666_151118_after_01_visit_1;CK666;1,098;2,349
2;15.11.2018;RPE_GFP-WDFY2_Ck666_151118_after_01_visit_1;CK666;0,64;1,284
2;15.11.2018;RPE_GFP-WDFY2_Ck666_151118_after_01_visit_1;CK666;0,675;1,098
2;15.11.2018;RPE_GFP-WDFY2_Ck666_151118_after_01_visit_1;CK666;0,675;2,719
2;15.11.2018;RPE_GFP-WDFY2_Ck666_151118_after_01_visit_1;CK666;0,88;0,683
2;15.11.2018;RPE_GFP-WDFY2_Ck666_151118_after_01_visit_2;CK666;3,675;1,906
2;15.11.2018;RPE_GFP-WDFY2_Ck666_151118_after_01_visit_2;CK666;1,145;0,705
2;15.11.2018;RPE_GFP-WDFY2_Ck666_151118_after_01_visit_2;CK666;0,898;1,198
2;15.11.2018;RPE_GFP-WDFY2_Ck666_151118_after_01_visit_2;CK666;0,949;2,273
2;15.11.2018;RPE_GFP-WDFY2_Ck666_151118_after_01_visit_2;CK666;0,641;1,075
2;15.11.2018;RPE_GFP-WDFY2_Ck666_151118_after_01_visit_2;CK666;0,474;2,079
2;15.11.2018;RPE_GFP-WDFY2_Ck666_151118_after_01_visit_2;CK666;0,623;0,557
2;15.11.2018;RPE_GFP-WDFY2_Ck666_151118_after_01_visit_2;CK666;0,812;1,198
2;15.11.2018;RPE_GFP-WDFY2_Ck666_151118_after_01_visit_2;CK666;1,624;1,031
2;15.11.2018;RPE_GFP-WDFY2_Ck666_151118_after_01_visit_2;CK666;0,798;0,617
2;15.11.2018;RPE_GFP-WDFY2_Ck666_151118_after_01_visit_2;CK666;0,623;0,71
2;15.11.2018;RPE_GFP-WDFY2_Ck666_151118_after_01_visit_2;CK666;0,44;0,671
2;15.11.2018;RPE_GFP-WDFY2_Ck666_151118_after_01_visit_2;CK666;0,635;0,885
2;15.11.2018;RPE_GFP-WDFY2_Ck666_151118_after_01_visit_2;CK666;1,128;1,885
2;15.11.2018;RPE_GFP-WDFY2_Ck666_151118_after_01_visit_2;CK666;0,953;0,953
2;15.11.2018;RPE_GFP-WDFY2_Ck666_151118_after_01_visit_2;CK666;0,564;1,252
2;15.11.2018;RPE_GFP-WDFY2_Ck666_151118_after_01_visit_2;CK666;0,726;5,022
2;15.11.2018;RPE_GFP-WDFY2_Ck666_151118_after_01_visit_2;CK666;0,641;1,227
2;15.11.2018;RPE_GFP-WDFY2_Ck666_151118_after_01_visit_2;CK666;0,705;1,057
2;15.11.2018;RPE_GFP-WDFY2_Ck666_151118_after_01_visit_2;CK666;0,363;0,617
2;15.11.2018;RPE_GFP-WDFY2_Ck666_151118_after_01_visit_2;CK666;4,099;2,908
2;15.11.2018;RPE_GFP-WDFY2_Ck666_151118_after_01_visit_2;CK666;0,671;2,43
2;15.11.2018;RPE_GFP-WDFY2_Ck666_151118_after_01_visit_2;CK666;1,121;1,5
2;15.11.2018;RPE_GFP-WDFY2_Ck666_151118_after_01_visit_2;CK666;0,529;2,481
2;15.11.2018;RPE_GFP-WDFY2_Ck666_151118_after_01_visit_2;CK666;0,793;1,145
2;15.11.2018;RPE_GFP-WDFY2_Ck666_151118_after_01_visit_2;CK666;0,793;3,551
2;15.11.2018;RPE_GFP-WDFY2_Ck666_151118_after_01_visit_2;CK666;0,44;1,145
2;15.11.2018;RPE_GFP-WDFY2_Ck666_151118_after_01_visit_2;CK666;0,949;2,37
2;15.11.2018;RPE_GFP-WDFY2_Ck666_151118_after_01_visit_2;CK666;1,224;1,883
2;15.11.2018;RPE_GFP-WDFY2_Ck666_151118_after_01_visit_2;CK666;0,985;1,324
2;15.11.2018;RPE_GFP-WDFY2_Ck666_151118_after_01_visit_2;CK666;0,969;2,034
2;15.11.2018;RPE_GFP-WDFY2_Ck666_151118_after_01_visit_2;CK666;0,758;2,841
2;15.11.2018;RPE_GFP-WDFY2_Ck666_151118_after_01_visit_2;CK666;1,409;0,973
2;15.11.2018;RPE_GFP-WDFY2_Ck666_151118_after_01_visit_2;CK666;0,985;1,367
2;15.11.2018;RPE_GFP-WDFY2_Ck666_151118_after_01_visit_2;CK666;0,872;1,515
2;15.11.2018;RPE_GFP-WDFY2_Ck666_151118_after_01_visit_2;CK666;0,44;1,301
2;15.11.2018;RPE_GFP-WDFY2_Ck666_151118_after_01_visit_2;CK666;1,309;2,449
2;15.11.2018;RPE_GFP-WDFY2_Ck666_151118_after_01_visit_2;CK666;0,352;0,898
2;15.11.2018;RPE_GFP-WDFY2_Ck666_151118_after_01_visit_2;CK666;1,031;1,784
2;15.11.2018;RPE_GFP-WDFY2_Ck666_151118_after_01_visit_2;CK666;0,881;0,831
2;15.11.2018;RPE_GFP-WDFY2_Ck666_151118_after_01_visit_2;CK666;0,536;1,453
2;15.11.2018;RPE_GFP-WDFY2_Ck666_151118_after_01_visit_2;CK666;0,969;2,64
2;15.11.2018;RPE_GFP-WDFY2_Ck666_151118_after_01_visit_2;CK666;0,352;1,104
2;15.11.2018;RPE_GFP-WDFY2_Ck666_151118_after_01_visit_2;CK666;0,564;1,541
2;15.11.2018;RPE_GFP-WDFY2_Ck666_151118_after_01_visit_2;CK666;0,71;0,688
2;15.11.2018;RPE_GFP-WDFY2_Ck666_151118_after_01_visit_2;CK666;1,072;1,004
2;15.11.2018;RPE_GFP-WDFY2_Ck666_151118_after_01_visit_2;CK666;0,753;0,758
2;15.11.2018;RPE_GFP-WDFY2_Ck666_151118_after_01_visit_2;CK666;0,591;2,064
2;15.11.2018;RPE_GFP-WDFY2_Ck666_151118_after_01_visit_2;CK666;1,061;1,031
2;15.11.2018;RPE_GFP-WDFY2_Ck666_151118_after_01_visit_2;CK666;0,623;1,869
2;15.11.2018;RPE_GFP-WDFY2_Ck666_151118_after_01_visit_2;CK666;0,758;1,784
2;15.11.2018;RPE_GFP-WDFY2_Ck666_151118_after_01_visit_2;CK666;0,318;1,762
2;15.11.2018;RPE_GFP-WDFY2_Ck666_151118_after_01_visit_2;CK666;0,536;2,541
2;15.11.2018;RPE_GFP-WDFY2_Ck666_151118_after_01_visit_2;CK666;0,753;0,92
2;15.11.2018;RPE_GFP-WDFY2_Ck666_151118_after_01_visit_2;CK666;0,688;0,985
2;15.11.2018;RPE_GFP-WDFY2_Ck666_151118_after_01_visit_2;CK666;1,71;0,953
2;15.11.2018;RPE_GFP-WDFY2_Ck666_151118_after_01_visit_2;CK666;0,793;0,881
2;15.11.2018;RPE_GFP-WDFY2_Ck666_151118_after_01_visit_2;CK666;0,617;1,883
2;15.11.2018;RPE_GFP-WDFY2_Ck666_151118_after_01_visit_2;CK666;1,185;1,434
2;15.11.2018;RPE_GFP-WDFY2_Ck666_151118_after_01_visit_2;CK666;0,788;0,831
2;15.11.2018;RPE_GFP-WDFY2_Ck666_151118_after_01_visit_2;CK666;0,836;1,057
2;15.11.2018;RPE_GFP-WDFY2_Ck666_151118_after_01_visit_2;CK666;0,793;0,969
2;15.11.2018;RPE_GFP-WDFY2_Ck666_151118_after_01_visit_2;CK666;0,536;1,5
2;15.11.2018;RPE_GFP-WDFY2_Ck666_151118_after_01_visit_2;CK666;0,758;4,261
2;15.11.2018;RPE_GFP-WDFY2_Ck666_151118_after_01_visit_2;CK666;0,705;1,816
2;15.11.2018;RPE_GFP-WDFY2_Ck666_151118_after_01_visit_2;CK666;0,885;1,807
2;15.11.2018;RPE_GFP-WDFY2_Ck666_151118_after_01_visit_2;CK666;0,688;1,128
2;15.11.2018;RPE_GFP-WDFY2_Ck666_151118_after_01_visit_2;CK666;0,705;2,088
2;15.11.2018;RPE_GFP-WDFY2_Ck666_151118_after_01_visit_2;CK666;0,529;0,985
2;15.11.2018;RPE_GFP-WDFY2_Ck666_151118_after_01_visit_2;CK666;1,376;1,71
2;15.11.2018;RPE_GFP-WDFY2_Ck666_151118_after_01_visit_2;CK666;0,557;1,121
2;15.11.2018;RPE_GFP-WDFY2_Ck666_151118_after_01_visit_2;CK666;0,623;1,104
2;15.11.2018;RPE_GFP-WDFY2_Ck666_151118_after_01_visit_2;CK666;1,646;1,37
2;15.11.2018;RPE_GFP-WDFY2_Ck666_151118_after_01_visit_2;CK666;1,646;2,714
2;15.11.2018;RPE_GFP-WDFY2_Ck666_151118_after_01_visit_3;CK666;0,71;1,505
2;15.11.2018;RPE_GFP-WDFY2_Ck666_151118_after_01_visit_3;CK666;0,635;0,831
2;15.11.2018;RPE_GFP-WDFY2_Ck666_151118_after_01_visit_3;CK666;0,788;0,881
2;15.11.2018;RPE_GFP-WDFY2_Ck666_151118_after_01_visit_3;CK666;0,758;0,881
2;15.11.2018;RPE_GFP-WDFY2_Ck666_151118_after_01_visit_3;CK666;0,514;1,261
2;15.11.2018;RPE_GFP-WDFY2_Ck666_151118_after_01_visit_3;CK666;0,726;1,607
2;15.11.2018;RPE_GFP-WDFY2_Ck666_151118_after_01_visit_3;CK666;0,529;1,261
2;15.11.2018;RPE_GFP-WDFY2_Ck666_151118_after_01_visit_3;CK666;0,363;0,635
2;15.11.2018;RPE_GFP-WDFY2_Ck666_151118_after_01_visit_3;CK666;0,536;1,064
2;15.11.2018;RPE_GFP-WDFY2_Ck666_151118_after_01_visit_3;CK666;0,881;2,868
2;15.11.2018;RPE_GFP-WDFY2_Ck666_151118_after_01_visit_3;CK666;0,449;1,175
2;15.11.2018;RPE_GFP-WDFY2_Ck666_151118_after_01_visit_3;CK666;1,198;1,198
2;15.11.2018;RPE_GFP-WDFY2_Ck666_151118_after_01_visit_3;CK666;0,753;0,635
2;15.11.2018;RPE_GFP-WDFY2_Ck666_151118_after_01_visit_3;CK666;0,363;0,985
2;15.11.2018;RPE_GFP-WDFY2_Ck666_151118_after_01_visit_3;CK666;1,466;3,23
2;15.11.2018;RPE_GFP-WDFY2_Ck666_151118_after_01_visit_3;CK666;0,726;1,902
2;15.11.2018;RPE_GFP-WDFY2_Ck666_151118_after_01_visit_3;CK666;0,394;2,009
2;15.11.2018;RPE_GFP-WDFY2_Ck666_151118_after_01_visit_3;CK666;1,576;0,881
2;15.11.2018;RPE_GFP-WDFY2_Ck666_151118_after_01_visit_3;CK666;0,788;1,538
2;15.11.2018;RPE_GFP-WDFY2_Ck666_151118_after_01_visit_3;CK666;0,529;3,613
2;15.11.2018;RPE_GFP-WDFY2_Ck666_151118_after_01_visit_3;CK666;0,898;0,617
2;15.11.2018;RPE_GFP-WDFY2_Ck666_151118_after_01_visit_3;CK666;0,885;3,525
2;15.11.2018;RPE_GFP-WDFY2_Ck666_151118_after_01_visit_3;CK666;0,831;1,458
2;15.11.2018;RPE_GFP-WDFY2_Ck666_151118_after_01_visit_3;CK666;1,345;0,936
2;15.11.2018;RPE_GFP-WDFY2_Ck666_151118_after_01_visit_3;CK666;1,224;1,595
2;15.11.2018;RPE_GFP-WDFY2_Ck666_151118_after_01_visit_3;CK666;0,564;2,223
2;15.11.2018;RPE_GFP-WDFY2_Ck666_151118_after_01_visit_3;CK666;0,529;1,175
2;15.11.2018;RPE_GFP-WDFY2_Ck666_151118_after_01_visit_3;CK666;0,747;1,301
2;15.11.2018;RPE_GFP-WDFY2_Ck666_151118_after_01_visit_3;CK666;0,798;0,969
2;15.11.2018;RPE_GFP-WDFY2_Ck666_151118_after_01_visit_3;CK666;0,363;0,936
2;15.11.2018;RPE_GFP-WDFY2_Ck666_151118_after_01_visit_3;CK666;0,514;1,379
2;15.11.2018;RPE_GFP-WDFY2_Ck666_151118_after_01_visit_3;CK666;0,898;1,027
2;15.11.2018;RPE_GFP-WDFY2_Ck666_151118_after_01_visit_3;CK666;0,623;1,434
2;15.11.2018;RPE_GFP-WDFY2_Ck666_151118_after_01_visit_3;CK666;0,726;2,132
2;15.11.2018;RPE_GFP-WDFY2_Ck666_151118_after_01_visit_3;CK666;0,671;1,624
2;15.11.2018;RPE_GFP-WDFY2_Ck666_151118_after_01_visit_3;CK666;0,881;1,004
2;15.11.2018;RPE_GFP-WDFY2_Ck666_151118_after_01_visit_3;CK666;0,635;0,907
2;15.11.2018;RPE_GFP-WDFY2_Ck666_151118_after_01_visit_3;CK666;0,885;2,491
2;15.11.2018;RPE_GFP-WDFY2_Ck666_151118_after_01_visit_3;CK666;0,394;0,898
2;15.11.2018;RPE_GFP-WDFY2_Ck666_151118_after_01_visit_3;CK666;0,898;0,868
2;15.11.2018;RPE_GFP-WDFY2_Ck666_151118_after_01_visit_4;CK666;0,635;0,671
2;15.11.2018;RPE_GFP-WDFY2_Ck666_151118_after_01_visit_4;CK666;0,44;0,44
2;15.11.2018;RPE_GFP-WDFY2_Ck666_151118_after_01_visit_4;CK666;0,617;0,793
2;15.11.2018;RPE_GFP-WDFY2_Ck666_151118_after_01_visit_4;CK666;0,71;0,885
2;15.11.2018;RPE_GFP-WDFY2_Ck666_151118_after_01_visit_4;CK666;0,758;0,872
2;15.11.2018;RPE_GFP-WDFY2_Ck666_151118_after_01_visit_4;CK666;0,44;1,072
2;15.11.2018;RPE_GFP-WDFY2_Ck666_151118_after_01_visit_4;CK666;0,498;1,246
2;15.11.2018;RPE_GFP-WDFY2_Ck666_151118_after_01_visit_4;CK666;0,623;0,831
2;15.11.2018;RPE_GFP-WDFY2_Ck666_151118_after_01_visit_4;CK666;0,688;0,868
2;15.11.2018;RPE_GFP-WDFY2_Ck666_151118_after_01_visit_4;CK666;1,409;1,858
2;15.11.2018;RPE_GFP-WDFY2_Ck666_151118_after_01_visit_4;CK666;0,753;0,812
2;15.11.2018;RPE_GFP-WDFY2_Ck666_151118_after_01_visit_4;CK666;0,812;0,753
2;15.11.2018;RPE_GFP-WDFY2_Ck666_151118_after_01_visit_4;CK666;0,635;1,198
2;15.11.2018;RPE_GFP-WDFY2_Ck666_151118_after_01_visit_4;CK666;1,333;2,028
2;15.11.2018;RPE_GFP-WDFY2_Ck666_151118_after_01_visit_4;CK666;0,788;0,71
2;15.11.2018;RPE_GFP-WDFY2_Ck666_151118_after_01_visit_4;CK666;0,591;1,345
2;15.11.2018;RPE_GFP-WDFY2_Ck666_151118_after_01_visit_4;CK666;0,71;1,37
2;15.11.2018;RPE_GFP-WDFY2_Ck666_151118_after_01_visit_4;CK666;0,529;1,521
2;15.11.2018;RPE_GFP-WDFY2_Ck666_151118_after_01_visit_4;CK666;0,591;1,619
2;15.11.2018;RPE_GFP-WDFY2_Ck666_151118_after_01_visit_4;CK666;0,973;1,236
2;15.11.2018;RPE_GFP-WDFY2_Ck666_151118_after_01_visit_4;CK666;1,057;1,121
2;15.11.2018;RPE_GFP-WDFY2_Ck666_151118_after_01_visit_4;CK666;1,064;1,252
2;15.11.2018;RPE_GFP-WDFY2_Ck666_151118_after_01_visit_4;CK666;0,949;0,635
2;15.11.2018;RPE_GFP-WDFY2_Ck666_151118_after_01_visit_4;CK666;1,128;4,721
2;15.11.2018;RPE_GFP-WDFY2_Ck666_151118_after_01_visit_4;CK666;0,793;0,881
2;15.11.2018;RPE_GFP-WDFY2_Ck666_151118_after_01_visit_4;CK666;1,031;0,907
2;15.11.2018;RPE_GFP-WDFY2_Ck666_151118_after_01_visit_4;CK666;0,881;0,985
2;15.11.2018;RPE_GFP-WDFY2_Ck666_151118_after_01_visit_4;CK666;0,812;1,261
2;15.11.2018;RPE_GFP-WDFY2_Ck666_151118_after_01_visit_4;CK666;0,92;0,705
2;15.11.2018;RPE_GFP-WDFY2_Ck666_151118_after_01_visit_4;CK666;0,705;1,236
2;15.11.2018;RPE_GFP-WDFY2_Ck666_151118_after_01_visit_4;CK666;0,985;1,027
2;15.11.2018;RPE_GFP-WDFY2_Ck666_151118_after_01_visit_4;CK666;1,027;0,831
2;15.11.2018;RPE_GFP-WDFY2_Ck666_151118_after_01_visit_4;CK666;0,671;1,446
2;15.11.2018;RPE_GFP-WDFY2_Ck666_151118_after_01_visit_4;CK666;0,881;0,973
2;15.11.2018;RPE_GFP-WDFY2_Ck666_151118_after_01_visit_4;CK666;1,477;0,92
2;15.11.2018;RPE_GFP-WDFY2_Ck666_151118_after_01_visit_4;CK666;0,836;1,252
2;15.11.2018;RPE_GFP-WDFY2_Ck666_151118_after_01_visit_4;CK666;0,536;1,5
2;15.11.2018;RPE_GFP-WDFY2_Ck666_151118_after_01_visit_4;CK666;0,623;1,588
2;15.11.2018;RPE_GFP-WDFY2_Ck666_151118_after_01_visit_4;CK666;0,529;0,812
2;15.11.2018;RPE_GFP-WDFY2_Ck666_151118_after_01_visit_4;CK666;0,753;1,588
2;15.11.2018;RPE_GFP-WDFY2_Ck666_151118_after_01_visit_4;CK666;0,747;1,145
2;15.11.2018;RPE_GFP-WDFY2_Ck666_151118_after_01_visit_4;CK666;0,898;1,755
2;15.11.2018;RPE_GFP-WDFY2_Ck666_151118_after_01_visit_5;CK666;1,104;0,758
2;15.11.2018;RPE_GFP-WDFY2_Ck666_151118_after_01_visit_5;CK666;0,514;1,309
2;15.11.2018;RPE_GFP-WDFY2_Ck666_151118_after_01_visit_5;CK666;0,44;1,345
2;15.11.2018;RPE_GFP-WDFY2_Ck666_151118_after_01_visit_5;CK666;1,072;0,705
2;15.11.2018;RPE_GFP-WDFY2_Ck666_151118_after_01_visit_5;CK666;0,753;2,721
2;15.11.2018;RPE_GFP-WDFY2_Ck666_151118_after_01_visit_5;CK666;0,881;1,309
2;15.11.2018;RPE_GFP-WDFY2_Ck666_151118_after_01_visit_5;CK666;0,623;0,641
2;15.11.2018;RPE_GFP-WDFY2_Ck666_151118_after_01_visit_5;CK666;0,474;2,297
2;15.11.2018;RPE_GFP-WDFY2_Ck666_151118_after_01_visit_5;CK666;0,881;0,788
2;15.11.2018;RPE_GFP-WDFY2_Ck666_151118_after_01_visit_5;CK666;0,881;0,881
2;15.11.2018;RPE_GFP-WDFY2_Ck666_151118_after_01_visit_5;CK666;0,635;1,027
2;15.11.2018;RPE_GFP-WDFY2_Ck666_151118_after_01_visit_5;CK666;0,44;0,949
2;15.11.2018;RPE_GFP-WDFY2_Ck666_151118_after_01_visit_5;CK666;0,688;0,881
2;15.11.2018;RPE_GFP-WDFY2_Ck666_151118_after_01_visit_5;CK666;0,705;1,924
2;15.11.2018;RPE_GFP-WDFY2_Ck666_151118_after_01_visit_5;CK666;0,985;1,283
2;15.11.2018;RPE_GFP-WDFY2_Ck666_151118_after_01_visit_5;CK666;0,812;0,985
2;15.11.2018;RPE_GFP-WDFY2_Ck666_151118_after_01_visit_5;CK666;0,812;0,688
2;15.11.2018;RPE_GFP-WDFY2_Ck666_151118_after_01_visit_5;CK666;0,705;0,881
2;15.11.2018;RPE_GFP-WDFY2_Ck666_151118_after_01_visit_5;CK666;0,591;0,449
2;15.11.2018;RPE_GFP-WDFY2_Ck666_151118_after_01_visit_5;CK666;1,004;2,364
2;15.11.2018;RPE_GFP-WDFY2_Ck666_151118_after_01_visit_5;CK666;0,868;0,726
3;20.11.2018;RPE_GFP-WDFY2_Ck666_201118_after_01_visit_1;CK666;0,617;4,242
3;20.11.2018;RPE_GFP-WDFY2_Ck666_201118_after_01_visit_1;CK666;0,268;1,105
3;20.11.2018;RPE_GFP-WDFY2_Ck666_201118_after_01_visit_1;CK666;0,449;1,382
3;20.11.2018;RPE_GFP-WDFY2_Ck666_201118_after_01_visit_1;CK666;0,406;0,574
3;20.11.2018;RPE_GFP-WDFY2_Ck666_201118_after_01_visit_1;CK666;0,574;0,749
3;20.11.2018;RPE_GFP-WDFY2_Ck666_201118_after_01_visit_1;CK666;0,468;0,612
3;20.11.2018;RPE_GFP-WDFY2_Ck666_201118_after_01_visit_1;CK666;0,187;1,186
3;20.11.2018;RPE_GFP-WDFY2_Ck666_201118_after_01_visit_1;CK666;1,277;0,985
3;20.11.2018;RPE_GFP-WDFY2_Ck666_201118_after_01_visit_1;CK666;0,396;1,156
3;20.11.2018;RPE_GFP-WDFY2_Ck666_201118_after_01_visit_1;CK666;0,749;0,705
3;20.11.2018;RPE_GFP-WDFY2_Ck666_201118_after_01_visit_1;CK666;0,978;2,368
3;20.11.2018;RPE_GFP-WDFY2_Ck666_201118_after_01_visit_1;CK666;0,794;0,564
3;20.11.2018;RPE_GFP-WDFY2_Ck666_201118_after_01_visit_1;CK666;0,308;1,202
3;20.11.2018;RPE_GFP-WDFY2_Ck666_201118_after_01_visit_1;CK666;0,689;1,198
3;20.11.2018;RPE_GFP-WDFY2_Ck666_201118_after_01_visit_1;CK666;0,394;1,833
3;20.11.2018;RPE_GFP-WDFY2_Ck666_201118_after_01_visit_1;CK666;0,689;0,53
3;20.11.2018;RPE_GFP-WDFY2_Ck666_201118_after_01_visit_1;CK666;0,574;1,337
3;20.11.2018;RPE_GFP-WDFY2_Ck666_201118_after_01_visit_1;CK666;0,631;1,132
3;20.11.2018;RPE_GFP-WDFY2_Ck666_201118_after_01_visit_1;CK666;0,321;1,429
3;20.11.2018;RPE_GFP-WDFY2_Ck666_201118_after_01_visit_1;CK666;0,71;1,283
3;20.11.2018;RPE_GFP-WDFY2_Ck666_201118_after_01_visit_1;CK666;0,655;2,285
3;20.11.2018;RPE_GFP-WDFY2_Ck666_201118_after_01_visit_1;CK666;0,379;0,966
3;20.11.2018;RPE_GFP-WDFY2_Ck666_201118_after_01_visit_1;CK666;0,536;1,09
3;20.11.2018;RPE_GFP-WDFY2_Ck666_201118_after_01_visit_1;CK666;0,516;0,396
3;20.11.2018;RPE_GFP-WDFY2_Ck666_201118_after_01_visit_1;CK666;0,726;1,833
3;20.11.2018;RPE_GFP-WDFY2_Ck666_201118_after_01_visit_1;CK666;0,689;0,78
3;20.11.2018;RPE_GFP-WDFY2_Ck666_201118_after_01_visit_1;CK666;0,705;0,617
3;20.11.2018;RPE_GFP-WDFY2_Ck666_201118_after_01_visit_1;CK666;0,311;1,656
3;20.11.2018;RPE_GFP-WDFY2_Ck666_201118_after_01_visit_1;CK666;0,352;1,418
3;20.11.2018;RPE_GFP-WDFY2_Ck666_201118_after_01_visit_1;CK666;0,827;1,956
3;20.11.2018;RPE_GFP-WDFY2_Ck666_201118_after_01_visit_1;CK666;0,685;1,418
3;20.11.2018;RPE_GFP-WDFY2_Ck666_201118_after_01_visit_1;CK666;0,376;0,962
3;20.11.2018;RPE_GFP-WDFY2_Ck666_201118_after_01_visit_1;CK666;0,406;0,788
3;20.11.2018;RPE_GFP-WDFY2_Ck666_201118_after_01_visit_1;CK666;0,655;1,075
3;20.11.2018;RPE_GFP-WDFY2_Ck666_201118_after_01_visit_1;CK666;0,618;1,159
3;20.11.2018;RPE_GFP-WDFY2_Ck666_201118_after_01_visit_1;CK666;0,969;1,399
3;20.11.2018;RPE_GFP-WDFY2_Ck666_201118_after_01_visit_1;CK666;0,688;0,865
3;20.11.2018;RPE_GFP-WDFY2_Ck666_201118_after_01_visit_1;CK666;0,612;0,599
3;20.11.2018;RPE_GFP-WDFY2_Ck666_201118_after_01_visit_1;CK666;0,684;0,666
3;20.11.2018;RPE_GFP-WDFY2_Ck666_201118_after_01_visit_1;CK666;0,784;0,655
3;20.11.2018;RPE_GFP-WDFY2_Ck666_201118_after_01_visit_1;CK666;0,722;0,71
3;20.11.2018;RPE_GFP-WDFY2_Ck666_201118_after_01_visit_1;CK666;0,593;0,831
3;20.11.2018;RPE_GFP-WDFY2_Ck666_201118_after_01_visit_1;CK666;0,53;1,453
3;20.11.2018;RPE_GFP-WDFY2_Ck666_201118_after_01_visit_1;CK666;0,65;1,224
3;20.11.2018;RPE_GFP-WDFY2_Ck666_201118_after_01_visit_1;CK666;0,717;0,564
3;20.11.2018;RPE_GFP-WDFY2_Ck666_201118_after_01_visit_2;CK666;0,355;1,892
3;20.11.2018;RPE_GFP-WDFY2_Ck666_201118_after_01_visit_2;CK666;0,71;1,047
3;20.11.2018;RPE_GFP-WDFY2_Ck666_201118_after_01_visit_2;CK666;0,794;1,123
3;20.11.2018;RPE_GFP-WDFY2_Ck666_201118_after_01_visit_2;CK666;0,65;0,492
3;20.11.2018;RPE_GFP-WDFY2_Ck666_201118_after_01_visit_2;CK666;0,78;1,775
3;20.11.2018;RPE_GFP-WDFY2_Ck666_201118_after_01_visit_2;CK666;0,468;0,868
3;20.11.2018;RPE_GFP-WDFY2_Ck666_201118_after_01_visit_2;CK666;0,468;1,09
3;20.11.2018;RPE_GFP-WDFY2_Ck666_201118_after_01_visit_2;CK666;0,344;1,309
3;20.11.2018;RPE_GFP-WDFY2_Ck666_201118_after_01_visit_2;CK666;0,77;0,872
3;20.11.2018;RPE_GFP-WDFY2_Ck666_201118_after_01_visit_2;CK666;0,474;1,477
3;20.11.2018;RPE_GFP-WDFY2_Ck666_201118_after_01_visit_2;CK666;0,671;0,749
3;20.11.2018;RPE_GFP-WDFY2_Ck666_201118_after_01_visit_2;CK666;0,53;0,916
3;20.11.2018;RPE_GFP-WDFY2_Ck666_201118_after_01_visit_2;CK666;0,532;0,655
3;20.11.2018;RPE_GFP-WDFY2_Ck666_201118_after_01_visit_2;CK666;0,434;0,997
3;20.11.2018;RPE_GFP-WDFY2_Ck666_201118_after_01_visit_2;CK666;0,591;1,164
3;20.11.2018;RPE_GFP-WDFY2_Ck666_201118_after_01_visit_2;CK666;0,474;1,102
3;20.11.2018;RPE_GFP-WDFY2_Ck666_201118_after_01_visit_2;CK666;0,484;1,764
3;20.11.2018;RPE_GFP-WDFY2_Ck666_201118_after_01_visit_2;CK666;0,689;0,847
3;20.11.2018;RPE_GFP-WDFY2_Ck666_201118_after_01_visit_2;CK666;0,474;0,925
3;20.11.2018;RPE_GFP-WDFY2_Ck666_201118_after_01_visit_2;CK666;0,394;1,823
3;20.11.2018;RPE_GFP-WDFY2_Ck666_201118_after_01_visit_2;CK666;0,396;0,705
3;20.11.2018;RPE_GFP-WDFY2_Ck666_201118_after_01_visit_2;CK666;0,514;0,564
3;20.11.2018;RPE_GFP-WDFY2_Ck666_201118_after_01_visit_2;CK666;0,529;1,189
3;20.11.2018;RPE_GFP-WDFY2_Ck666_201118_after_01_visit_2;CK666;0,318;0,76
3;20.11.2018;RPE_GFP-WDFY2_Ck666_201118_after_01_visit_2;CK666;1,006;1,09
3;20.11.2018;RPE_GFP-WDFY2_Ck666_201118_after_01_visit_2;CK666;0,225;0,851
3;20.11.2018;RPE_GFP-WDFY2_Ck666_201118_after_01_visit_2;CK666;0,418;0,804
3;20.11.2018;RPE_GFP-WDFY2_Ck666_201118_after_01_visit_2;CK666;0,837;0,545
3;20.11.2018;RPE_GFP-WDFY2_Ck666_201118_after_01_visit_2;CK666;1,367;1,454
3;20.11.2018;RPE_GFP-WDFY2_Ck666_201118_after_01_visit_2;CK666;0,379;1,004
3;20.11.2018;RPE_GFP-WDFY2_Ck666_201118_after_01_visit_2;CK666;1,203;2,236
3;20.11.2018;RPE_GFP-WDFY2_Ck666_201118_after_01_visit_2;CK666;0,53;0,882
3;20.11.2018;RPE_GFP-WDFY2_Ck666_201118_after_01_visit_2;CK666;0,662;0,661
3;20.11.2018;RPE_GFP-WDFY2_Ck666_201118_after_01_visit_2;CK666;0,749;0,685
3;20.11.2018;RPE_GFP-WDFY2_Ck666_201118_after_01_visit_2;CK666;0,53;2,187
3;20.11.2018;RPE_GFP-WDFY2_Ck666_201118_after_01_visit_2;CK666;0,666;1,066
3;20.11.2018;RPE_GFP-WDFY2_Ck666_201118_after_01_visit_2;CK666;0,612;0,868
3;20.11.2018;RPE_GFP-WDFY2_Ck666_201118_after_01_visit_2;CK666;1,059;0,76
3;20.11.2018;RPE_GFP-WDFY2_Ck666_201118_after_01_visit_2;CK666;0,769;1,936
3;20.11.2018;RPE_GFP-WDFY2_Ck666_201118_after_01_visit_2;CK666;0,967;1,399
3;20.11.2018;RPE_GFP-WDFY2_Ck666_201118_after_01_visit_2;CK666;0,374;3,158
3;20.11.2018;RPE_GFP-WDFY2_Ck666_201118_after_01_visit_2;CK666;0,335;2,47
3;20.11.2018;RPE_GFP-WDFY2_Ck666_201118_after_01_visit_2;CK666;1,104;1,368
3;20.11.2018;RPE_GFP-WDFY2_Ck666_201118_after_01_visit_2;CK666;0,717;1,006
3;20.11.2018;RPE_GFP-WDFY2_Ck666_201118_after_01_visit_2;CK666;1,221;1,477
3;20.11.2018;RPE_GFP-WDFY2_Ck666_201118_after_01_visit_3;CK666;1,17;0,827
3;20.11.2018;RPE_GFP-WDFY2_Ck666_201118_after_01_visit_3;CK666;0,671;1,032
3;20.11.2018;RPE_GFP-WDFY2_Ck666_201118_after_01_visit_3;CK666;1,284;0,564
3;20.11.2018;RPE_GFP-WDFY2_Ck666_201118_after_01_visit_3;CK666;1,5;1,496
3;20.11.2018;RPE_GFP-WDFY2_Ck666_201118_after_01_visit_3;CK666;0,612;1,682
3;20.11.2018;RPE_GFP-WDFY2_Ck666_201118_after_01_visit_3;CK666;0,836;1,028
3;20.11.2018;RPE_GFP-WDFY2_Ck666_201118_after_01_visit_3;CK666;0,574;2,995
3;20.11.2018;RPE_GFP-WDFY2_Ck666_201118_after_01_visit_3;CK666;0,573;2,944
3;20.11.2018;RPE_GFP-WDFY2_Ck666_201118_after_01_visit_3;CK666;0,557;1,955
3;20.11.2018;RPE_GFP-WDFY2_Ck666_201118_after_01_visit_3;CK666;0,97;1,503
3;20.11.2018;RPE_GFP-WDFY2_Ck666_201118_after_01_visit_3;CK666;1,295;0,836
3;20.11.2018;RPE_GFP-WDFY2_Ck666_201118_after_01_visit_3;CK666;1,192;1,109
3;20.11.2018;RPE_GFP-WDFY2_Ck666_201118_after_01_visit_3;CK666;0,449;0,978
3;20.11.2018;RPE_GFP-WDFY2_Ck666_201118_after_01_visit_3;CK666;0,552;0,784
3;20.11.2018;RPE_GFP-WDFY2_Ck666_201118_after_01_visit_3;CK666;0,53;1,321
3;20.11.2018;RPE_GFP-WDFY2_Ck666_201118_after_01_visit_3;CK666;1,295;2,448
3;20.11.2018;RPE_GFP-WDFY2_Ck666_201118_after_01_visit_3;CK666;0,344;1,683
3;20.11.2018;RPE_GFP-WDFY2_Ck666_201118_after_01_visit_3;CK666;0,406;1,36
3;20.11.2018;RPE_GFP-WDFY2_Ck666_201118_after_01_visit_3;CK666;0,308;1,747
3;20.11.2018;RPE_GFP-WDFY2_Ck666_201118_after_01_visit_3;CK666;0,661;1,869
3;20.11.2018;RPE_GFP-WDFY2_Ck666_201118_after_01_visit_3;CK666;1,186;1,19
3;20.11.2018;RPE_GFP-WDFY2_Ck666_201118_after_01_visit_3;CK666;0,933;0,874
3;20.11.2018;RPE_GFP-WDFY2_Ck666_201118_after_01_visit_3;CK666;0,318;0,846
3;20.11.2018;RPE_GFP-WDFY2_Ck666_201118_after_01_visit_3;CK666;0,406;0,994
3;20.11.2018;RPE_GFP-WDFY2_Ck666_201118_after_01_visit_3;CK666;1,309;0,97
3;20.11.2018;RPE_GFP-WDFY2_Ck666_201118_after_01_visit_3;CK666;0,753;0,712
3;20.11.2018;RPE_GFP-WDFY2_Ck666_201118_after_01_visit_3;CK666;0,749;1,621
3;20.11.2018;RPE_GFP-WDFY2_Ck666_201118_after_01_visit_3;CK666;0,717;0,81
3;20.11.2018;RPE_GFP-WDFY2_Ck666_201118_after_01_visit_3;CK666;1,284;3,419
3;20.11.2018;RPE_GFP-WDFY2_Ck666_201118_after_01_visit_3;CK666;0,712;2,021
3;20.11.2018;RPE_GFP-WDFY2_Ck666_201118_after_01_visit_3;CK666;1,189;1,753
3;20.11.2018;RPE_GFP-WDFY2_Ck666_201118_after_01_visit_3;CK666;0,881;2,397
3;20.11.2018;RPE_GFP-WDFY2_Ck666_201118_after_01_visit_3;CK666;1,08;0,942
3;20.11.2018;RPE_GFP-WDFY2_Ck666_201118_after_01_visit_3;CK666;0,779;0,617
3;20.11.2018;RPE_GFP-WDFY2_Ck666_201118_after_01_visit_3;CK666;0,593;0,97
3;20.11.2018;RPE_GFP-WDFY2_Ck666_201118_after_01_visit_3;CK666;1,047;3,291
3;20.11.2018;RPE_GFP-WDFY2_Ck666_201118_after_01_visit_3;CK666;0,841;0,655
3;20.11.2018;RPE_GFP-WDFY2_Ck666_201118_after_01_visit_4;CK666;0,688;0,729
3;20.11.2018;RPE_GFP-WDFY2_Ck666_201118_after_01_visit_4;CK666;1,105;1,979
3;20.11.2018;RPE_GFP-WDFY2_Ck666_201118_after_01_visit_4;CK666;0,841;2,169
3;20.11.2018;RPE_GFP-WDFY2_Ck666_201118_after_01_visit_4;CK666;0,733;1,027
3;20.11.2018;RPE_GFP-WDFY2_Ck666_201118_after_01_visit_4;CK666;0,804;1,189
3;20.11.2018;RPE_GFP-WDFY2_Ck666_201118_after_01_visit_4;CK666;0,827;5,179
3;20.11.2018;RPE_GFP-WDFY2_Ck666_201118_after_01_visit_4;CK666;0,579;1,999
3;20.11.2018;RPE_GFP-WDFY2_Ck666_201118_after_01_visit_4;CK666;1,145;1,589
3;20.11.2018;RPE_GFP-WDFY2_Ck666_201118_after_01_visit_4;CK666;0,729;1,149
3;20.11.2018;RPE_GFP-WDFY2_Ck666_201118_after_01_visit_4;CK666;0,798;3,127
3;20.11.2018;RPE_GFP-WDFY2_Ck666_201118_after_01_visit_4;CK666;0,794;1,635
3;20.11.2018;RPE_GFP-WDFY2_Ck666_201118_after_01_visit_4;CK666;0,793;1,08
3;20.11.2018;RPE_GFP-WDFY2_Ck666_201118_after_01_visit_4;CK666;0,749;2,246
3;20.11.2018;RPE_GFP-WDFY2_Ck666_201118_after_01_visit_4;CK666;0,753;1,407
3;20.11.2018;RPE_GFP-WDFY2_Ck666_201118_after_01_visit_4;CK666;0,574;1,574
3;20.11.2018;RPE_GFP-WDFY2_Ck666_201118_after_01_visit_4;CK666;0,617;0,891
3;20.11.2018;RPE_GFP-WDFY2_Ck666_201118_after_01_visit_4;CK666;0,671;2,545
3;20.11.2018;RPE_GFP-WDFY2_Ck666_201118_after_01_visit_4;CK666;0,631;1,674
3;20.11.2018;RPE_GFP-WDFY2_Ck666_201118_after_01_visit_4;CK666;0,623;1,477
3;20.11.2018;RPE_GFP-WDFY2_Ck666_201118_after_01_visit_4;CK666;0,934;0,769
3;20.11.2018;RPE_GFP-WDFY2_Ck666_201118_after_01_visit_4;CK666;0,882;1,013
3;20.11.2018;RPE_GFP-WDFY2_Ck666_201118_after_01_visit_4;CK666;0,44;0,793
3;20.11.2018;RPE_GFP-WDFY2_Ck666_201118_after_01_visit_4;CK666;0,666;1,175
3;20.11.2018;RPE_GFP-WDFY2_Ck666_201118_after_01_visit_4;CK666;0,758;1,247
3;20.11.2018;RPE_GFP-WDFY2_Ck666_201118_after_01_visit_4;CK666;1,083;2,502
3;20.11.2018;RPE_GFP-WDFY2_Ck666_201118_after_01_visit_4;CK666;0,696;0,819
3;20.11.2018;RPE_GFP-WDFY2_Ck666_201118_after_01_visit_5;CK666;0,434;1,073
3;20.11.2018;RPE_GFP-WDFY2_Ck666_201118_after_01_visit_5;CK666;0,747;0,809
3;20.11.2018;RPE_GFP-WDFY2_Ck666_201118_after_01_visit_5;CK666;0,672;0,557
3;20.11.2018;RPE_GFP-WDFY2_Ck666_201118_after_01_visit_5;CK666;0,661;1,017
3;20.11.2018;RPE_GFP-WDFY2_Ck666_201118_after_01_visit_5;CK666;0,631;1,156
3;20.11.2018;RPE_GFP-WDFY2_Ck666_201118_after_01_visit_5;CK666;0,355;1,014
3;20.11.2018;RPE_GFP-WDFY2_Ck666_201118_after_01_visit_5;CK666;0,561;0,874
3;20.11.2018;RPE_GFP-WDFY2_Ck666_201118_after_01_visit_5;CK666;0,557;1,047
3;20.11.2018;RPE_GFP-WDFY2_Ck666_201118_after_01_visit_5;CK666;0,966;1,065
3;20.11.2018;RPE_GFP-WDFY2_Ck666_201118_after_01_visit_5;CK666;0,492;0,855
3;20.11.2018;RPE_GFP-WDFY2_Ck666_201118_after_01_visit_5;CK666;0,886;1,348
3;20.11.2018;RPE_GFP-WDFY2_Ck666_201118_after_01_visit_5;CK666;0,492;1,407
3;20.11.2018;RPE_GFP-WDFY2_Ck666_201118_after_01_visit_5;CK666;0,794;1,221
3;20.11.2018;RPE_GFP-WDFY2_Ck666_201118_after_01_visit_5;CK666;0,502;0,966
3;20.11.2018;RPE_GFP-WDFY2_Ck666_201118_after_01_visit_5;CK666;0,311;1,083
